"summons_number","plate_id","registration_state","plate_type","issue_date","violation_code","vehicle_body_type","vehicle_make","issuing_agency","street_code1","street_code2","street_code3","vehicle_expiration_date","violation_location","violation_precinct","issuer_precinct","issuer_code","issuer_command","issuer_squad","violation_time","time_first_observed","violation_county","violation_in_front_of_or_opposite","house_number","street_name","intersecting_street","date_first_observed","law_section","sub_division","violation_legal_code","days_parking_in_effect","from_hours_in_effect","to_hours_in_effect","vehicle_color","unregistered_vehicle","vehicle_year","meter_number","feet_from_curb","violation_post_code","violation_description","no_standing_or_stopping_violation","hydrant_violation","double_parking_violation","fiscal_year"
"1500578708","MGT1826","PA","PAS",,"98","VAN","BMW","P","34620","22320","59520","88888888","48","48","48","980359","48","0",,,,"O","735","GARDEN ST",,"0","408","E2",,"BBBBBBB","ALL","ALL","WHITE","0","0","-","0",,,,,,"2026"
"1497919216","609AZ4","NY","PAS",,"51","MC","GENU","9","17290","10350","23390","20260430","13","13","13","942717","13","0","0245P",,"NY","O","111","E 15 STREET",,"0","408","C",,"BBBBBBB","ALL","ALL","BK","0","2022","-","0",,,,,,"2026"
"1500558278","GHE9467","PA","PAS",,"20","SUBN","TOYOT","P","0","0","0","88888888","42","42","42","980845","42","0","0736P","0730P",,"F","610","E 1698TH STREET",,,"408","D",,"BBBBBBB","ALL","ALL","BLUE","0","0","-","0",,,,,,"2026"
"1499198644","BB66ZB","FL","PAS",,"98","SUBN","NISSA","P","27000","23220","72320","0","48","48","48","976968","48","0","0538P",,"BX","F","947","EAST 178 STREET",,"0","408","F2",,"BBBBBBB","ALL","ALL","GRAY","0","2018","-","0",,,,,,"2026"
"1501019016","ZXC7231","PA","PAS",,"40",,"FORD","P","91080","49950","14530","0","60","60","62","958579","62","0","0940P",,,"F","1848","W 12 ST",,"0","408","E2",,"BBBBBBB","ALL","ALL","WH","0","0","-","0",,,,,,"2026"
"1500181754","S2277244","GA","PAS",,"40","SDN",,"P","37180","26230","0","0","67","67","67","979811","67","0","0203A",,"K",,,"E 54TH ST","CHURCH AVE","0","408","E2",,"BBBBBBB","ALL","ALL","WHITE","0","0","-","0",,,,,,"2026"
"1500588880","L18SBU","NJ","PAS",,"14",,,"P","31590","38","28490","0",,"0","1","972983","1","0","0400P",,,"O","17","STATE ST",,"0","408","D",,"BBBBBBB","ALL","ALL","SILVE","0","0","-","0",,,,,,"2026"
"1500500290","F33DUV","NJ","PAS",,"14","SDN","CHEVR","P","63820","74690","12550","20260320","52","52","52","978258","52","0","0700P",,"BX","F","2262","SEDGWICK AVE",,"0","408","F2",,"BBBBBBB","ALL","ALL","BLK","0","2011","-","0",,,,,,"2026"
"1490389118","TDW1504","VA","PAS",,"21","SUBN",,"Y","24240","50290","13540","88888888","107","107","776","835276","776","0","1140A",,,"F","62-66","164 ST",,"0","408","D3",,"BBBBBBB","ALL","ALL","BLK","0","0","-","0",,,,,,"2026"
"1500557470","T626898","OH","PAS",,"40","SDN","HYUND","P","26730","56820","73120","20260320","42","42","42","980954","42","0","0110A",,"BX","O","460","E 169 ST",,"0","408","D4",,"BBBBBBB","ALL","ALL","GRY","0","2011","-","6",,,,,,"2026"
"1500984553","LRL2416","NY","PAS",,"51","SUBN",,"P","0","40404","40404","20250308","50","50","50","956579","50","0","1018A",,"BX","O","7","STEVENSON AVE",,"0","408","C",,"BBBBBBB","ALL","ALL","BLUE","0","2023","-","0",,,,,,"2026"
"1498571244","KEK4043","NY","PAS",,"99","SUBN","JEEP","P","14820","10420","55520","20260924","49","49","49","980882","49","0","1249A",,"BX","O","650","BRITTON ST",,"0","408","E2",,"BBBBBBB","ALL","ALL","BLK","0","2018","-","0",,,,,,"2026"
"1501351059","T748981","OH","PAS",,"19","SDN","NISSA","P","28265","22840","22890","20250630","103","103","103","980446","103","0","1237A","1237A",,"O","143-13","ARCHER AVE",,,"408","C3",,"BBBBBBB","ALL","ALL","RED","0","2013","-","0",,,,,,"2026"
"1486223060","THJ3259","VA","PAS",,"17","SUBN","BMW","P","10210","19390","19410","88888888","25","25","805","976050","805","0","0631A",,,"F","2253","3RD AVENUE",,"0","408","D1",,"BBBBBBB","ALL","ALL",,"0","0","-","0",,,,,,"2026"
"1494563459","KXP7798","99","PAS",,"19","SUBN","HONDA","P","0","40404","40404","20260828",,"0","102","965656","102","0","1009A",,"Q","F","75-14","JAM AVE",,"0","408","D",,"BBBBBBB","ALL","ALL","WH","0","2005","-","0",,,,,,"2026"
"1498956245","63306NF","NY","COM",,"78","TC","FORD","P","59530","85730","85330","20261030","79","79","79","974895","79","0","1059P",,"K","F","100","MAC DONOUGH ST",,"0","408","F1",,"BBBBBBB","ALL","ALL","WHITE","0","2006","-","0",,,,,,"2026"
"1499422957","L6X8088","NY","PAS",,"46","SUBN","JEEP","P","36490","11710","13610","20260225","30","30","30","980095","30","0","0928P",,,,"518","W 136",,"0","408","E2",,"BBBBBBB","ALL","ALL","RD","0","2021","-","0",,,,,,"2026"
"1500520755","LWH2362","NY","PAS",,"46","SDN","TOYOT","P","25800","78150","15820","20250309","40","40","40","980684","40","0","0109A","0109A",,"F","415","EAST 138 ST",,"0","408","F2",,"BBBBBBB","ALL","ALL",,"0","0","-","0",,,,,,"2026"
"1498973541","LRM3121","NY","PAS",,"98","SDN","MAZDA","P","7890","6090","6740","20260119","114","114","114","970167","114","0","0400A",,"Q","F","14-28","30 RD",,"0","408","J2",,"BBBBBBB","ALL","ALL","BLK","0","2013","-","0",,,,,,"2026"
"1500384045","LTV5344","NY","PAS",,"40",,"ACURA","P","0","40404","40404","88888888","104","104","104","977717","104","0","0004A",,"Q","I","6552","16 PLACE",,"0","408","E2",,"BBBBBBB","ALL","ALL","WHITE","0","2022","-","0",,,,,,"2026"
"1498747607","RHY2454","NC","PAS",,"46","SUBN","DODGE","P","36090","10610","10810","0","28","28","28","969475","28","0","0402P",,"NY","F","239","W 116 ST",,"0","408","C",,"BBBBBBB","ALL","ALL","BK","0","0","-","0",,,,,,"2026"
"1501012976","C211868","CT","COM",,"98","VAN","FORD","P","16630","10880","19030","0","62","62","62","975202","62","0","1145P",,"K","F","28","BAY 26",,"0","408","F2",,"BBBBBBB","ALL","ALL","WH","0","0","-","0",,,,,,"2026"
"1501022623","21718ML","NY","COM",,"78","VAN","FORD","P","90880","14330","14380","20260131","62","62","62","974767","62","0","1230A",,"K","F","1544","WEST 8 STREET",,"0","408","E2",,"BBBBBBB","ALL","ALL","WH","0","2018","-","0",,,,,,"2026"
"1498141110","OPW37","PA","PAS",,"98",,"HONDA","P","36580","26630","55330","0","67","67","67","978229","67","0","0935P",,"K","F","78","E 39 ST",,"0","408","K6",,"BBBBBBB","ALL","ALL","GRY","0","0","-","0",,,,,,"2026"
"1495819565","405JYB","MA","PAS",,"14",,"NISSA","P","20670","81830","0","0","60","60","60","975995","60","0","0747P",,,"F",,"BOWERY","STILLWELL AVE","0","408","E2",,"BBBBBBB","ALL","ALL","BLK","0","2013","-","0",,,,,,"2026"
"1500426969","C18PEX","NJ","PAS",,"45","SDN","FORD","P","11010","37670","37690","88888888","34","34","34","979393","34","0","0827P",,"NY","F","3869","10 AVE",,"0","408","J2",,"BBBBBBB","ALL","ALL",,"0","0","-","0",,,,,,"2026"
"1495808981","LPW6606","NY","PAS",,"98","SDN","CHRYS","P","37330","55330","56230","20261023","67","67","67","977307","67","0","1039A",,,"F","62","EAST 57 ST",,"0","408","F2",,"BBBBBBB","ALL","ALL","GREY","0","2006","-","0",,,,,,"2026"
"1499890941","C057478","CT","COM",,"78","VAN","CHEVR","P","67460","22390","65145","0","116","116","116","973948","116","0","0934P","0930P","Q","O","137-78","WESTGATE STREET",,"0","408","K6",,"BBBBBBB","ALL","ALL","WHI","0","2004","-","0",,,,,,"2026"
"1500276479","LDF2537","NY","PAS",,"21","SUBN","JEEP","P","80430","87330","86330","20250831","77","77","77","973223","77","0","0900A",,"K","F","238","SAINT MARKS AVE",,"0","408","E2",,"YYYYYBB","0200A","0400P",,"0","0","-","0",,,,,,"2026"
"1499997980","LKK8614","NY","PAS",,"98","SUBN","CHEVR","P","79730","69230","63030","0","79","79","79","975124","79","0","1120A","1120A",,"F","89","SPENCER STREET",,"0","408","F2",,"BBBBBBB","ALL","ALL","BLACK","0","0","-","0",,,,,,"2026"
"1500316660","JMY4360","99","PAS",,"40","SDN",,"P","5680","8580","8630","0",,"0","72","968523","72","0",,,,,"4015","6 AVE",,"0","408","D",,"BBBBBBB","ALL","ALL","GRAY","0","1999","-","0",,,,,,"2026"
"1500863312","B75YZE","NJ","PAS",,"98","SUBN","ACURA","P","10330","28230","73330","20250931","68","68","68","963042","68","0","0119P",,"K","F","143","BAYRIDGE PARKWAY",,"0","408","E2",,"BBBBBBB","ALL","ALL","BLCK","0","0","-","0",,,,,,"2026"
"1501256117","BLANKPLATE","99","999",,"98","SDN","HONDA","P","56230","39300","12400","20250522","75","75","75","976202","O075","0","0903A",,"K","F","2858","LINDEN BLVD",,"0","408","E3",,"BBBBBBB","ALL","ALL","GREY","0","2009","-","0",,,,,,"2026"
"1499790193","V65VPC","NJ","PAS",,"21","SUBN","ACURA","P","19040","8590","8790","0","115","115","115","976359","115","0","0255P","0255P","Q","F","35-46","97 ST",,,"408","F2",,"BBBBBBB","ALL","ALL","WHITE","0","0","-","0",,,,,,"2026"
"1500140284","UW76MK","NJ","PAS",,"21",,"FORD","P","90880","64230","76330","0","60","60","60","971362","60","0","0710A",,"K",,"2801","WEST 8 STREET",,"0","408","D",,"BBBBBBB","ALL","ALL",,"0","0","-","0",,,,,,"2026"
"1500027911","8DL692","MA","PAS",,"14","SDN","HONDA","P","90330","23230","23930","0","83","83","83","974175","83","0","0137P",,"K","F","14","WEIRFIELD ST",,"0","408","C",,"BBBBBBB","ALL","ALL","GRY","0","2014","-","0",,,,,,"2026"
"1498752895","L3YVRG","NJ","PAS",,"51","SDN","CHRYS","P","36370","15910","11710","20260131","26","26","26","975221","26","0","0635P",,,"F","488","WEST 130 STREET",,"0","408","J2",,"BBBBBBB","ALL","ALL","GRAY","0","2014","-","0",,,,,,"2026"
"1500384124","LPJ7087","NY","PAS",,"40","SDN","ME/BE","P","13640","56490","39690","20260725","104","104","104","977717","104","0","0118A",,"Q","F","72-29","65 PLACE",,"0","408","E2",,"BBBBBBB","ALL","ALL","GRY","0","2014","-","0",,,,,,"2026"
"1500384100","HTL8862","NY","PAS",,"40","SDN","HONDA","P","15640","38290","12440","20250817","104","104","104","977717","104","0","0555A",,"Q","F","59-07","74 ST",,"0","408","N2",,"BBBBBBB","ALL","ALL","GRN","0","1995","-","0",,,,,,"2026"
"1493846401","BLANKPLATE","99","999",,"40","DELV","AUDI","P","69120","53520","47520","88888888","49","49","49","969158","49","0","0904A",,,"F","2021","TOMLINSON AVE",,"0","408","E3",,"BBBBBBB","ALL","ALL","SILVE","0","0","-","0",,,,,,"2026"
"1498776668","RVYG12","99","PAS",,"46","SDN","TESLA","P","36690","11710","13610","88888888","30","30","30","977551","30","0","1022P",,,"F","521","W 146 ST",,"0","408","E2",,"BBBBBBB","ALL","ALL","BLUE","0","0","-","0",,,,,,"2026"
"1500492085","KBW9439","NY","PAS",,"62","SDN","HONDA","P","22320","27150","27270","20260331","48","48","48","980852","48","0","0918P",,"BX","O","2290","CROTONA AVE",,"0","408","E3",,"BBBBBBB","ALL","ALL","GREY","0","2022","-","0",,,,,,"2026"
"1495898623","HIMADRI","NY","OMT",,"46","SDN","TESLA","P","10210","17550","17570","20251031","13","13","13","973918","13","0","0244A","0244A",,"F","395","3RD AVE",,"0","408","C",,"BBBBBBB","ALL","ALL","WT","0","2023","-","0",,,,,,"2026"
"1492552185","JZU4944","OH","PAS",,"98",,,"P","13240","19190","19540","20251020",,"0","112","971308","112","0","1124P","1124P",,,"99-20","64 AVE",,,"408","D",,"BBBBBBB","ALL","ALL",,"0","0","-","0",,,,,,"2026"
"1493856297","BLANKPLATE","99","999",,"40","SUBN","FORD","P","34020","73420","35720","88888888","43","43","43","978500","43","0","0050A",,"BX","F","1149","FTELEY AVENUE",,"0","408","E2",,"BBBBBBB","ALL","ALL","WHTE","0","2015","-","0",,,,,,"2026"
"1501239338","LWD2165","NY","PAS",,"46","SUBN","JEEP","P","61730","85730","85330","20270515","79","79","79","980977","79","0","0623P","0619P","K","F","366A","MONROE ST",,"0","408","E2",,"BBBBBBB","ALL","ALL","BLU","0","2023","-","0",,,,,,"2026"
"1493945919","M12PCV","NJ","PAS",,"98","SUBN","NISSA","P","19700","34886","55100","20240220","121","121","121","971599","121","0","0851A",,,"F","215","BRADLEY AVE",,"0","408","D",,"BBBBBBB","ALL","ALL","GRAY","0","0","-","0",,,,,,"2026"
"1500541977","LVS2612","99","PAS",,"98","SDN","VOLKS","P","41350","40340","13820","20270418","47","47","47","972438","47","0","1045A",,"BX","F","3552","HUGUENOT AVE",,"0","408","F2",,"BBBBBBB","ALL","ALL","WHITE","0","2014","-","0",,,,,,"2026"
"1500960019","359461T","NJ","PAS",,"74","SDN","JEEP","P","26730","56820","73120","0","42","42","42","980954","42","0","1111P",,"BX","F","460","E 169 ST",,"0","408","F1",,"BBBBBBB","ALL","ALL","GRY","0","2014","-","0",,,,,,"2026"
"1495944529","EREN","NY","PAS",,"67","SDN",,"P","10540","11380","10910","20250119","108","108","108","977422","108","0","0119P",,"Q","F","5138","47 ST",,"0","408","C",,"BBBBBBB","ALL","ALL","BLK","0","2020","-","0",,,,,,"2026"
"1500968869","LDL8677","NY","PAS",,"40","SUBN","MAZDA","P","20820","27540","57720","20250416",,"0","45","977732","45","0",,,,"F","2117","COLONIAL",,"0","408","E2",,"BBBBBBB","ALL","ALL","BLUE","0","2023","-","0",,,,,,"2026"
"1501200811","LTE1785","NY","PAS",,"40","SDN","ACURA","P","17540","7790","7990","20270118","115","115","115","964080","115","0","0615A",,"Q","F","30-64","86 ST",,"0","408","C",,"BBBBBBB","ALL","ALL",,"0","2013","-","0",,,,,,"2026"
"1500024211","BLANKPLATE","99","999",,"67","SUBN","BMW","P","55530","87230","45930","88888888","81","81","81","943858","81","0",,,,"F","186","LEWIS AVENUE",,"0","408","F2",,"BBBBBBB","ALL","ALL","GRY","0","2009","-","0",,,,,,"2026"
"1498048092","TMT8349","VA","PAS",,"46","SDN","INFIN","P","26230","86630","37030","0","67","67","69","979637","69","0","0651P",,,,"5011","CHURCH AVE",,"0","408","F2",,"BBBBBBB","ALL","ALL",,"0","0","-","0",,,,,,"2026"
"1496788059","ZXR8676","PA","PAS",,"53","P-U","RAM","K","13350","0","0","88888888","104","104","3","160199","3","0","0805P",,"Q","I",,"HIGHLAND PARK","PARKING LOT","0","408","E5",,"BBBBBBB","ALL","ALL","BLK","0","0","-","0",,,,,,"2026"
"1500952655","BLANKPLATE","99","999",,"41",,,"P","0","0","0","0",,"0","50","978268","50","0",,,,,,,,"0","408","F2",,"BBBBBBB","ALL","ALL",,"0","0","-","0",,,,,,"2026"
"1501351035","GLPN472","CA","PAS",,"19","SDN","AUDI","P","28265","22840","22890","20260308","103","103","103","980446","103","0","1244A","1244A","Q","O","143-13","ARCHER AVE",,,"408","D",,"BBBBBBB","ALL","ALL","WHITE","0","2024","-","0",,,,,,"2026"
"1500515632","KPZ5973","99","PAS",,"98","SUBN","TOYOT","P","0","40404","40404","20250706","49","49","49","963881","49","0","1148P",,,"F","1620","WILLIAMSBRIDGE",,"0","408","E9",,"BBBBBBB","ALL","ALL","WHT","0","2021","-","0",,,,,,"2026"
"1501510770","D47SDK","NJ","PAS",,"46","SUBN","HONDA","P","0","40404","40404","0","34","34","34","979358","34","0",,,"NY","F","3795","16 AVE",,"0","408","C",,"BBBBBBB","ALL","ALL",,"0","0","-","0",,,,,,"2026"
"1500526952","787AF3","NY","999",,"70",,,"P","64020","41620","42220","20230430","41","41","41","973667","41","0","0200P",,,"F","1200","SENECA AVE",,"0","408","J2",,"BBBBBBB","ALL","ALL",,"0","0","-","0",,,,,,"2026"
"1500976684","BLANKPLATE","99","999",,"71","SUBN","GMC","P","14820","10420","55520","0","49","49","49","980882","49","0","1211A",,"BX","F","650","BRITTON ST",,"0","408","F1",,"BBBBBBB","ALL","ALL","WHITE","0","0","-","0",,,,,,"2026"
"1500833071","TB4964","99","PAS",,"40","SDN","FORD","P","10480","5580","5680","0","68","68","68","967887","68","0","0941A",,,"F","543","78 ST",,"0","408","C3",,"BBBBBBB","ALL","ALL","GRY","0","0","-","1",,,,,,"2026"
"1499404130","BLANKPLATE","99","999",,"19","SDN","INFIN","P","11010","37626","37628","0","34","34","33","979587","33","0","0151A",,"NY","F","3775","10TH AVE",,"0","408","E5",,"BBBBBBB","ALL","ALL","BL","0","2011","-","0",,,,,,"2026"
"1501015140","LJY3008","NY","PAS",,"40","SUBN","BMW","P","91130","14530","14580","20280404",,"0","62","979008","62","0","0513P","1713P","K","F","1904","W 13 ST",,"0","408","C",,"BBBBBBB","ALL","ALL","BLK","0","0","-","0",,,,,,"2026"
"1500426581","BCD2497","NY","PAS",,"19","SDN","VOLKS","P","11010","37626","37628","20251102","31","31","34","980044","34","0","0301A",,"R","F","3775","10TH AVE",,"0","408","E2",,"BBBBBBB","ALL","ALL","GRAY","0","0","-","0",,,,,,"2026"
"1493046240","KSF4811","NY","PAS",,"98","SDN","TOYOT","P","14180","37130","37180","20251126","63","63","63","967490","63","0","0813A",,"K",,"5323","AVENUE L",,"0","408","E3",,"BBBBBBB","ALL","ALL","WHITE","0","2018","-","0",,,,,,"2026"
"1500357145","LTT8900","NY","PAS",,"40","VAN","FORD","P","16590","38290","43490","88888888","104","104","104","977717","104","0","0517A",,"Q","F","60-69","80 ST",,"0","408","K6",,"BBBBBBB","ALL","ALL","WHI","0","2018","-","0",,,,,,"2026"
"1500961887","T625709C","NY","PAS",,"41","SDN","TOYOT","P","42620","33620","0","20260131","42","42","42","980940","42","0","1049P","1043P","BX","F",,"JEFFERSON PL","FRANKLIN AVE","0","408","J3",,"BBBBBBB","ALL","ALL","GRY","0","2016","-","0",,,,,,"2026"
"1501003070","CP22713","NY","PAS",,"67","SDN","NISSA","P","23920","27480","27510","20261024","52","52","52","979784","52","0","0203A","0159A","BX",,"2668","DECATUR",,"0","408","A1",,"BBBBBBB","ALL","ALL","BLK","0","2025","-","0",,,,,,"2026"
"1500183829","BLANKPLATE","99","999",,"41",,,"P","0","0","0","0","67","67","67","980694","67","0",,,,,,,,"0","408","E2",,"BBBBBBB","ALL","ALL",,"0","0","-","0",,,,,,"2026"
"1500516314","JPU9093","NY","PAS",,"74","SUBN","BMW","P","14820","10420","55520","20260416","49","49","49","980882","49","0","1200A",,"BX","F","650","BRITTON ST",,"0","408","J3",,"BBBBBBB","ALL","ALL","GRAY","0","2020","-","0",,,,,,"2026"
"1493110330","BLANKPLATE","99","999",,"51","SUBN","HONDA","P","0","40404","40404","88888888","43","43","43","974337","43","0","0725P",,"BX","F","252","NEW MAN",,"0","408","F1",,"BBBBBBB","ALL","ALL","SILVE","0","2008","-","0",,,,,,"2026"
"1489092584","KNM7006","NY","PAS",,"14","SDN","LEXUS","P","26760","20020","0","20250713","44","44","44","980160","44","0","1025P","1025P","BX","I",,"E 170","CLAY AVE",,"408","F1",,"BBBBBBB","ALL","ALL","GREY","0","0","-","0",,,,,,"2026"
"1489171447","KMZ3696","99","PAS",,"46",,,"P","0","0","0","20270302",,"0","44","979713","44","0","0932P",,,"I",,,,"0","408","F1",,"BBBBBBB","ALL","ALL",,"0","0","-","0",,,,,,"2026"
"1500384161","T722532C","NY","OMT",,"14","SUBN","HONDA","P","65770","39690","41700","20251031","104","104","104","977717","104","0","0058A",,"Q","F","10","VALENTINE",,"0","408","J2",,"BBBBBBB","ALL","ALL","WHT","0","2015","-","0",,,,,,"2026"
"1500311728","LRB6724","NY","PAS",,"40","SDN","TOYOT","P","90330","40030","25330","20261218","83","83","83","967474","83","0","0545A",,,"F","123","WEIRFIELD ST",,"0","408","E3",,"BBBBBBB","ALL","ALL","GRY","0","2025","-","0",,,,,,"2026"
"1499706080","22862MH","NY","PAS",,"17",,"FRUEH","P","34630","11720","11110","20260301","18","18","18","977111","18","0","0200P","1100A",,,"505","W 43",,"0","408","C",,"BBBBBBB","ALL","ALL",,"0","0","-","0",,,,,,"2026"
"1499791811","PSG9704","99","PAS",,"40","SUBN","JEEP","P","8990","20590","20740","88888888","115","115","115","766233","115","0","1105P",,,"F","112-01","38 AVE",,"0","408","F2",,"BBBBBBB","ALL","ALL","G","0","0","-","1",,,,,,"2026"
"1484562227","LUF9217","NY","PAS",,"40","SUBN","VOLKS","P","0","40404","40404","20270325","42","42","42","980456","42","0","1015P",,"BX","F","1368","WEBSTER",,"0","408","E2",,"BBBBBBB","ALL","ALL",,"0","0","-","2",,,,,,"2026"
"1501239533","K55SRK","NJ","PAS",,"46","SDN","HONDA","P","42730","12930","67030","20270120","79","79","79","980619","79","0","0708P",,"K","F","1275","FULTON STREET",,"0","408","F1",,"BBBBBBB","ALL","ALL","SIL","0","2011","-","0",,,,,,"2026"
"1497909417","KSU9205","NY","PAS",,"17","SUBN","ME/BE","P","34170","10610","10810","20250927","10","10","10","965249","10","0","0905A",,,"F","222","W 20 ST",,"0","408","D",,"BYYYYYY","ALL","ALL","PNK","0","2010","-","0",,,,,,"2026"
"1499019907","E16HGV","NJ","PAS",,"41","SDN",,"P","12665","6990","6970","20260131","114","114","114","979953","114","0","1146P",,"Q","I",,"ASTORIA PK",,"0","408","A1",,"BBBBBBB","ALL","ALL",,"0","0","-","0",,,,,,"2026"
"1493922087","LNX3337","NY","PAS",,"14","SUBN","NISSA","P","44675","27480","28135","20260912",,"0","121","949320","121","0","0940A",,"R","I","280","REGIS DR",,"0","408","A1",,"BBBBBBB","ALL","ALL","WH","0","2009","-","0",,,,,,"2026"
"1500712840","LVJ3155","NY","PAS",,"19","SUBN","BMW","P","27097","53890","0","20270402","105","105","105","975843","105","0","0329A","0329A","Q","I",,"231 ST","LINDEN BLVD","0","408","C3",,"BBBBBBB","ALL","ALL","BLU","0","2022","-","0",,,,,,"2026"
"1499258770","LWL9629","NY","PAS",,"40",,"VOLVO","P","0","0","0","0","67","67","67","979366","67","0","0130A","0125A","K","F",,,,,"408","F1",,"BBBBBBB","ALL","ALL","GR","0","0","-","0",,,,,,"2026"
"1495733178","KSJ2616","NY","PAS",,"67","SUBN","JEEP","P","0","40404","40404","20251004","49","49","49","972551","49","0","0506P","0506P","BX","F","1900","REDCLIFF AVE",,"0","408","F2",,"BBBBBBB","ALL","ALL","BLK","0","2006","-","0",,,,,,"2026"
"1489170194","KLK8856","NY","PAS",,"46","SUBN","HONDA","P","0","40404","40404","20250731","44","44","44","980782","44","0","0720P",,,"F","1150","ANDERSON",,"0","408","F1",,"BBBBBBB","ALL","ALL","BLK","0","2014","-","0",,,,,,"2026"
"1501209243","T729793C","99","PAS",,"40","SUBN","AUDI","P","16140","7990","8190","88888888",,"0","115","966357","115","0","0527P",,,"F","31-52","77 STREET",,"0","408","F2",,"BBBBBBB","ALL","ALL","BLK","0","0","-","0",,,,,,"2026"
"1500807035","LDV2624","NY","PAS",,"21","SUBN","HONDA","P","0","40404","40404","20250821","84","84","84","976101","84","0","0642P",,"K","F","334","FURMAN",,"0","408","D1",,"BBBBBBB","ALL","ALL","RED","0","2025","-","0",,,,,,"2026"
"1474725454","HFA7536","NY","PAS",,"27","SUBN","NISSA","P","10810","97940","22450","20260212","32","32","806","980291","806","0","1158P","2358P","NY","F","2949","8TH AVE",,"0","408","E2",,"BBBBBBB","ALL","ALL","GRAY","0","2017","-","0",,,,,,"2026"
"1500363236","16547TV","NY","PAS",,"51","SUBN","CHEVR","P","37440","11490","12040","20260531","104","104","104","947152","104","0","1226P",,"Q","F","5720","BROWN PLACE",,"0","408","99",,"BBBBBBB","ALL","ALL","BK","0","2022","-","0",,,,,,"2026"
"1500146729","LAJ6779","NY","PAS",,"14","SUBN","BMW","P","22630","18950","22580","20270125","60","60","60","970932","60","0",,,"K","F","210","BRIGHTON 15 STREET",,"0","408","C",,"BBBBBBB","ALL","ALL","BL","0","2019","-","0",,,,,,"2026"
"1491736677","BDK3573","NY","PAS",,"40","SDN","SUBAR","P","67730","18950","61","20251129","72","72","72","977615","72","0","0640P","0635P","NY",,"10","OCEAN PARKWAY",,,"408","F1",,"BBBBBBB","ALL","ALL","GRY","0","2020","-","0",,,,,,"2026"
"1498206025","MMP2618","PA","PAS",,"40","SUBN",,"P","55730","82930","73190","20270531","81","81","81","973998","81","0","0757P",,,"F","704","LEXINGTON AVE",,"0","408","C3",,"BBBBBBB","ALL","ALL","GOLD","0","2015","-","0",,,,,,"2026"
"1494300023","HHD4583","PA","PAS",,"27",,"NISSA","P","36270","13113","11710","0","26","26","26","971820","26","0","0933A",,,"F","430","W 125",,"0","408","C",,"BBBBBBB","ALL","ALL","GREY","0","0","-","0",,,,,,"2026"
"1491049923","GZR9358","NY","PAS",,"48","SDN","NISSA","P","36420","8920","27120","20250928","46","46","46","980202","46","0","1120P",,"BX","F","2205","GRAND CONCOURSE",,"0","408","C4",,"BBBBBBB","ALL","ALL","GRAY","0","2023","-","0",,,,,,"2026"
"1496826670","HWF4732","NY","PAS",,"20","SUBN","JEEP","K","0","40404","40404","20260210","122","122","5","160110","5","0","0205P",,"NY","I",,"SB LOT 2",,"0","408","D",,"BBBBBBB","ALL","ALL","BLE","0","2029","-","0",,,,,,"2026"
"1497868178","HDT1201","NY","PAS",,"14","SDN","BMW","P","63430","13490","63340","20260207","88","88","88","960849","88","0","0650P",,,"O","125","NORTH PORTLAND AVE",,"0","408","E2",,"BBBBBBB","ALL","ALL","WHITE","0","2014","-","0",,,,,,"2026"
"1326055781","GTP1290","NY","PAS",,"14","SUBN","AUDI","P","61090","40404","40404","20260910","109","109","109","980552","109","0","1223P","1221P","Q","F","39-22","ROOSEVELT AVE",,,"408","J2",,"BBBBBBB","ALL","ALL","BLACK","0","2025","-","0",,,,,,"2026"
"1500542611","LVT8688","NY","PAS",,"40","SDN","BMW","P","28320","77150","0","20250513","47","47","47","980754","47","0","0900P","2055P","BX","F",,"223 ST","WHITE PLAINS RD","0","408","E2",,"BBBBBBB","ALL","ALL","BLUE","0","2021","-","0",,,,,,"2026"
"1501198671","EFX2305","NY","PAS",,"21","SDN","NISSA","P","0","0","0","20260205","110","110","169","965601","169","0","0626P",,,"F",,"I/O 41 SEAVER WAY",,"0","408","D3",,"BBBBBBB","ALL","ALL","GRAY","0","0","-","0",,,,,,"2026"
"1499070962","LFZ3354","NY","PAS",,"51","SDN","BMW","P","53890","25540","25600","20251228","113","113","113","977593","113","0","0415A",,"Q","F","193-12","LINDEN BLVD",,"0","408","E2",,"BBBBBBB","ALL","ALL","OR","0","2014","-","0",,,,,,"2026"
"1499021549","LOO6907","NC","PAS",,"16","SDN","AUDI","P","64290","7540","7790","0","114","114","114","979716","114","0","0255A","0255A","Q","O","28-65","STEINWAY ST",,,"408","K2",,"BBBBBBB","ALL","ALL","GRY","0","2025","-","0",,,,,,"2026"
"1498295216","LDE4567","NY","PAS",,"20","SUBN","JEEP","P","34240","55450","57290","20250716","100","100","100","974227","100","0","1250P","1250P",,"F","201","BEACH 121 STREET",,,"408","E2",,"BBBBBBB","ALL","ALL","GREY","0","2018","-","0",,,,,,"2026"
"1474721394","MDX6750","PA","PAS",,"70","SDN","HONDA","P","36790","10610","25290","20250331","32","32","806","978147","806","0","0849P",,"NY","O","231","W 151 ST",,,"408","E2",,"BBBBBBB","ALL","ALL","GREY","0","2009","-","0",,,,,,"2026"
"1492274975","S2245770","GA","PAS",,"20","SDN","TOYOT","P","29690","35870","35890","20250523","24","24","24","977055","24","0","0659P",,,"F","332","RIVERSIDE DR",,"0","408","F1",,"BBBBBBB","ALL","ALL",,"0","0","-","0",,,,,,"2026"
"1499763219","G49NPW","NJ","PAS",,"14","SDN","HYUND","P","42850","33720","61830","20260304","84","84","84","979835","84","0","1103P",,"K","F","90","FURMAN ST",,"0","408","D1",,"BBBBBBB","ALL","ALL","WHT","0","2019","-","0",,,,,,"2026"
"1501517119","LWE5225","NY","PAS",,"40","SUBN","MAZDA","P","36650","11710","13610","20270429","30","30","30","979493","30","0","0602P","0602P","NY","F","517","W 144 ST",,"0","408","F7",,"BBBBBBB","ALL","ALL","BLU","0","2024","-","0",,,,,,"2026"
"1499787029","KPM8216","NY","PAS",,"40","SUBN","NISSA","P","7990","42490","0","20250629","115","115","115","976630","115","0",,,,,,"31 AVE","DITMARS BLVD","0","408","E2",,"BBBBBBB","ALL","ALL","GRY","0","2020","-","0",,,,,,"2026"
"1502036150","BLANKPLATE","99","999",,"74",,"FLYWI","P","37030","13610","21190","0","33","33","23","972493","23","0","0748A",,,"F","600","W 163",,"0","408","J3",,"BBBBBBB","ALL","ALL",,"0","0","-","0",,,,,,"2026"
"1485562181","5BRP39","FL","PAS",,"46","SDN","FORD","P","0","0","0","20221130","75","75","75","966293","75","0","0915A",,"K","I",,"S/W C/O PENNYSLVANIA","HORNELL LOOP","0","408","F2",,"YBBBBBB","ALL","ALL","WH","0","0","-","0",,,,,,"2026"
"1500553992","AJ4948","OK","PAS",,"40","TRTL",,"P","46420","25800","25830","88888888","40","40","40","963389","40","0","0355P",,"BX","F","251","LOCUST AVE",,"0","408","K4",,"BBBBBBB","ALL","ALL","WHITE","0","0","-","0",,,,,,"2026"
"1499175437","LTE5526","NY","PAS",,"98","SDN","NISSA","P","7720","45020","78850","88888888","49","49","49","966367","49","0","0344A","0340A","BX","F","1103","ADEE AVE",,,"408","D1",,"BBBBBBB","ALL","ALL","BLK","0","2012","-","0",,,,,,"2026"
"1493415104","HFF4092","NY","PAS",,"14","SUBN","VOLKS","P","27295","15590","15690","20260628","105","105","105","957755","105","0","1126A",,"Q","F","74-24","263 STREET",,"0","408","E2",,"BBBBBBB","ALL","ALL","BLU","0","2011","-","0",,,,,,"2026"
"1499020302","LNG1620","NY","PAS",,"50","SUBN","HONDA","P","9340","5540","5640","20260810","114","114","114","980001","114","0","0916P",,,"O","1-Sep","40TH AVE",,"0","408","E2",,"BBBBBBB","ALL","ALL","G","0","2022","-","0",,,,,,"2026"
"1498501357","KKE7396","NY","PAS",,"14","SUBN","HONDA","P","24830","28430","49630","20270209","76","76","76","972147","76","0","0303P",,"K","F","71","CARROLL ST",,"0","408","E2",,"YYYYYBB","0800A","0400P","GRAY","0","2008","-","0",,,,,,"2026"
"1501570183","KVP2702","NY","PAS",,"20","SDN","ME/BE","P","68020","23800","98280","20260414","40","40","40","965837","40","0","0824A",,,"I","2413","3RD AVE",,"0","408","D1",,"BBBBBBB","ALL","ALL","BLK","0","2019","-","0",,,,,,"2026"
"1498323789","26DEXX","FL","PAS",,"40","SUBN","JEEP","P","53490","53790","19990","88888888","106","106","106","972328","106","0",,,,"F","104-35","LEFFERTS BLVD",,"0","408","F1",,"BBBBBBB","ALL","ALL","B","0","0","-","0",,,,,,"2026"
"1492467662","KER8480","NY","PAS",,"98","SUBN","HONDA","P","13790","28990","67490","20261024","112","112","112","971308","112","0","0719P","0719P",,"F","94-01","66 AVE",,,"408","E2",,"BBBBBBB","ALL","ALL",,"0","0","-","0",,,,,,"2026"
"1500555861","LEE3381","NY","PAS",,"46","SDN","CHEVR","P","25980","78150","15720","20250930","40","40","40","966098","40","0","0124P",,"BX","F","441","E 144 ST",,"0","408","C4",,"BBBBBBB","ALL","ALL","BK","0","2023","-","0",,,,,,"2026"
"1500492693","KMN1996","NY","PAS",,"46","SDN","HYUND","P","76450","61940","12550","20270525","48","48","48","975107","48","0","0442A","0440A","BX","F","1939","WEST FARMS RD",,,"408","F2",,"BBBBBBB","ALL","ALL","GRY","0","0","-","0",,,,,,"2026"
"1500863270","BT53157","CT","PAS",,"40","SDN","MAZDA","P","10280","5430","5580","0","68","68","68","963042","68","0","1245P",,"K","F","429","74 ST",,"0","408","E2",,"BBBBBBB","ALL","ALL","RED","0","0","-","0",,,,,,"2026"
"1500483310","T114087C","NY","PAS",,"46","SUBN","TOYOT","P","60520","19820","0","20260430","45","45","45","974852","45","0","0540P",,"BX","F",,"RANDALL AVE","CLARENCE AVE","0","408","J3",,"BBBBBBB","ALL","ALL","BLK","0","2023","-","0",,,,,,"2026"
"1499763189","LWCC75","FL","PAS",,"70","SUBN","GMC","P","42850","61830","53830","20250323","84","84","84","979835","84","0","0715P",,"K","F","334","FURMAN ST",,"0","408","D1",,"BBBBBBB","ALL","ALL","WHT","0","2003","-","0",,,,,,"2026"
"1481005418","GXF8959","NY","PAS",,"40","SUBN","JEEP","4","83630","17930","17980","20270321","60","60","985","100449","985","0","0502P",,"K","O","4817","SURF AVE",,"0","408","E2",,"BBBBBBB","ALL","ALL","WH","0","2023","-","10",,,,,,"2026"
"1492320687","LKF8107","NY","PAS",,"98","SUBN","SUZUK","P","20390","51590","14740","20260623",,"0","112","977379","112","0","0835P",,,,"69-60","110 ST",,"0","408","F2",,"BBBBBBB","ALL","ALL","W","0","2018","-","0",,,,,,"2026"
"1498414953","S17VRE","NJ","PAS",,"40","SDN","LEXUS","P","0","40404","40404","0","1","1","1","972244","1","0",,,,"F","35","PICK SLIP",,"0","408","E2",,"BBBBBBB","ALL","ALL",,"0","0","-","0",,,,,,"2026"
"1500384136","KKY1642","NY","PAS",,"14","SDN","AUDI","P","14840","14740","38690","20270323","104","104","104","977717","104","0","0203A",,"Q","F","70-02","70 ST",,"0","408","E2",,"BBBBBBB","ALL","ALL","GRY","0","2017","-","0",,,,,,"2026"
"1499493538","MLA8927","PA","PAS",,"40","SDN","HONDA","P","37550","11710","0","0",,"0","34","973117","34","0",,,,,,"WEST 190 ST","AMSTERDAM AVE","0","408","F1",,"BBBBBBB","ALL","ALL",,"0","0","-","0",,,,,,"2026"
"1501539905","D44UNX","NJ","PAS",,"46","SDN","ACURA","P","29190","37690","11010","0","34","34","34","980856","34","0","0443A",,,"O","146","POST AVE",,"0","408","C",,"BBBBBBB","ALL","ALL","SILVE","0","0","-","0",,,,,,"2026"
"1492828312","BRZ2548","NY","PAS",,"46","SDN","HONDA","P","38520","26880","22240","20260905","43","43","808","944148","808","0","0910P",,"BX","F","1455","HARROD AVE",,"0","408","F2",,"BBBBBBB","ALL","ALL",,"0","2008","-","0",,,,,,"2026"
"1500987554","BLANKPLATE","99","999",,"70","SUBN","NISSA","P","65420","23800","75290","20251006","50","50","50","970380","50","0","0832P",,"BX","F","6031","SPENCER AVE",,"0","408","J2",,"BBBBBBB","ALL","ALL","RD","0","2013","-","0",,,,,,"2026"
"1500384033","TBC3805","PA","PAS",,"40","SDN","INTER","P","63890","58190","68390","88888888","104","104","104","977717","104","0","0159A",,"Q","I","1871","STANHOPE",,"0","408","K6",,"BBBBBBB","ALL","ALL","GRAY","0","0","-","0",,,,,,"2026"
"1500486863","MDF9933","PA","PAS",,"40","SUBN","HONDA","P","0","0","0","20260430","50","50","0","978657","0D50","0","1044P",,,"F","3619","CDORLEAR AVE",,"0","408","C4",,"BBBBBBB","ALL","ALL","GRY","0","2023","-","1",,,,,,"2026"
"1500075206","LNR5354","NY","PAS",,"14","SDN","FORD","P","65120","23800","59720","20270203","43","43","43","970055","43","0","1010P",,"BX","F","65","SOUNDVIEW AVE",,"0","408","F2",,"BBBBBBB","ALL","ALL",,"0","0","-","0",,,,,,"2026"
"1495899573","MSW4551","PA","PAS",,"41","SUBN","HONDA","P","87935","52060","32600","20251231","75","75","75","975341","75","0","0220P",,"K","F","18","VERMONT CT",,"0","408",,,"BBBBBBB","ALL","ALL","BLK","0","2019","-","0",,,,,,"2026"
"1501529687","6CNR32","MA","PAS",,"46","SDN",,"P","36090","24690","10610","0",,"0","28","968733","28","0","0502P",,,"F","160","W 116 ST",,"0","408","F1",,"BBBBBBB","ALL","ALL",,"0","0","-","0",,,,,,"2026"
"1489139151","GWB8324","NY","PAS",,"98","SUBN","SUBAR","P","20020","26730","12550","20270422","44","44","44","957576","44","0","1014P",,"BX","F","1350","CLAY AVE",,"0","408","F2",,"BBBBBBB","ALL","ALL","SILVE","0","2011","-","0",,,,,,"2026"
"1501980737","BLANKPLATE","99","999",,"41",,,"P","0","0","0","0",,"0","0","0","0","0",,,,,,,,"0","408","J2",,"BBBBBBB","ALL","ALL",,"0","0","-","0",,,,,,"2026"
"1500807424","BER7543","NY","PAS",,"20","SDN","TOYOT","P","42850","61830","53830","20260820","84","84","84","975464","84","0","0953P",,,"F","334","FURMAN ST",,"0","408","C4",,"BBBBBBB","ALL","ALL","GOLD","0","2005","-","0",,,,,,"2026"
"1314413910","KWX9261","NY","PAS",,"19","SDN","TOYOT","R","12255","20130","62430","20260707","72","72","0","0","MTAB","0","1227P",,"K","O",,"STERNBERG PARK",,"0","408","C",,"BBBBBBB","ALL","ALL","SILV","0","2019","-","0",,,,,,"2026"
"1502036216","225ADI","99","PAS",,"74",,,"P","0","40404","40404","20260430","33","33","23","972493","23","0","0512A",,,"F","619","W 176",,"0","408","J2",,"BBBBBBB","ALL","ALL",,"0","0","-","0",,,,,,"2026"
"1314413934","HHS1731","NY","PAS",,"19","SUBN","ACURA","R","12255","20130","62430","20260629","72","72","0","0","MTAB","0","1227P",,"K","O",,"STERNBERG PARK",,"0","408","C3",,"BBBBBBB","ALL","ALL","BLACK","0","2012","-","0",,,,,,"2026"
"1500069796","LTT8935","NY","PAS",,"40","SDN","FORD","P","10030","63530","57490","20270203","68","68","68","959275","68","0","0600A",,,"F","67","70 ST",,"0","408","E2",,"BBBBBBB","ALL","ALL","BK","0","2014","-","0",,,,,,"2026"
"1500526423","T131401C","99","PAS",,"40","SDN","ALFAR","P","23920","27840","27900","20351221","52","52","52","979131","52","0","0132A",,"BX","F","3277","DECATUR AVE",,"0","408","F2",,"BBBBBBB","ALL","ALL",,"0","0","-","0",,,,,,"2026"
"1326056013","L19VAS","NJ","PAS",,"14",,"DODGE","P","59590","61090","9440","0","109","109","109","980788","109","0","1102P","1100P","Q","O","40-09","PRINCE ST",,"0","408","F2",,"BBBBBBB","ALL","ALL","BLUE","0","2013","-","0",,,,,,"2026"
"1496023067","T112264C","NY","OMT",,"98","VAN","TOYOT","P","35330","14830","14880","20260331","61","61","61","968178","61","0","0240A",,"NY","F","2530","E 12 ST",,"0","408","E2",,"BBBBBBB","ALL","ALL","BLK","0","0","-","0",,,,,,"2026"
"1500908848","4019303","OH","PAS",,"98","SDN","LEXUS","P","64230","91430","91480","20250726","60","60","60","968512","60","0","1159A","1159A","K","F","2125","NEPTUNE AVE",,,"408","F2",,"BBBBBBB","ALL","ALL","GRY","0","0","-","0",,,,,,"2026"
"1499264630","GRYG625","CA","PAS",,"67","SDN","BMW","P","76330","35430","35480","88888888","61","61","61","966226","61","0","0713P",,"K","F","1424","SHEEPSHEAD BAY RD",,"0","408","F7",,"BBBBBBB","ALL","ALL","WHT","0","2021","-","0",,,,,,"2026"
"1489213296","LRG2765","NY","PAS",,"46",,"DODGE","P","64720","26670","26700","20251109","44","44","44","980528","44","0","0723P",,,"O","1225","SHERMAN",,"0","408","F1",,"BBBBBBB","ALL","ALL",,"0","0","-","0",,,,,,"2026"
"1418447432","012551AO3","IL","PAS",,"98","SDN","ROLLS","P","41320","27240","27270","88888888","48","48","42","967309","42","0","0804P",,"BX","F","2357","HUGHES AVE",,"0","408","F1",,"BBBBBBB","ALL","ALL","BLUE","0","0","-","0",,,,,,"2026"
"1500314468","KPX5033","NY","PAS",,"46","SDN","NISSA","P","0","40404","40404","20270527","83","83","83","972712","83","0",,,,"I","533","BUSHWICK",,"0","408","E2",,"BBBBBBB","ALL","ALL",,"0","0","-","0",,,,,,"2026"
"1501619032","T122976C","NY","999",,"46","SDN","TOYOT","P","8720","74240","74250","88888888",,"0","0","980140","0","0","0649P",,,"F","1130","ANDERSON AVE",,"0","408","F1",,"BBBBBBB","ALL","ALL","W","0","0","-","0",,,,,,"2026"
"1496816250","GYF9553","NY","PAS",,"14","SUBN","ACURA","K","13570","29370","0","20270508","25","25","1","161316","1","0","0831P",,,,,"WARDS MEADOW LOOP","RANDALLS ISLAND","0","408","C",,"BBBBBBB","ALL","ALL","GRAY","0","2012","-","0",,,,,,"2026"
"1493855906","6FP0601","MD","PAS",,"46","SUBN","NISSA","P","52320","73420","38525","20250930","43","43","43","971722","43","0","0544P",,"BX","F","1177","MORRISON AVE",,"0","408","F1",,"BBBBBBB","ALL","ALL",,"0","0","-","0",,,,,,"2026"
"1500163776","KSP9207","NY","PAS",,"46","SDN","TOYOT","P","26230","37030","37080","20260424","67","67","67","980106","67","0","0642P",,"K","F","5109","CHURCH AVE",,"0","408","E5",,"BBBBBBB","ALL","ALL","B","0","0","-","0",,,,,,"2026"
"1489135571","LTF6065","NY","PAS",,"46","SUBN","NISSA","P","20020","26640","26670","20270309","44","44","44","975361","44","0","1047P",,"BX","F","1115","CLAY AVE",,"0","408","E5",,"BBBBBBB","ALL","ALL","GRY","0","2015","-","0",,,,,,"2026"
"1501528610","BLANKPLATE","99","999",,"46","SUBN","KIA","P","36270","24690","10610","0","28","28","28","973303","28","0","1256A",,"NY","F","121","W 125 ST",,"0","408","F1",,"BBBBBBB","ALL","ALL","GRAY","0","0","-","0",,,,,,"2026"
"1499182892","AY393L","NJ","PAS",,"98","DELV","PASOG","P","0","40404","40404","20260401","41","41","41","974464","41","0","0852A",,"BX","F","420","HUNTS POINT",,"0","408","F2",,"BBBBBBB","ALL","ALL","GREY","0","0","-","0",,,,,,"2026"
"1499238253","A307381","ME","PAS",,"46","SUBN","INTER","P","52320","73420","38525","20260831","43","43","43","980524","43","0","0940P",,,"F","1155","MORRISON AVE",,"0","408","C",,"BBBBBBB","ALL","ALL","GRY","0","0","-","0",,,,,,"2026"
"1501229930","GUX7280","NY","PAS",,"70","LEX",,"P","31830","75130","50830","20250201","73","73","73","980462","73","0","0909P",,,"F","2160","DEAN ST",,,"408","E2",,"BBBBBBB","ALL","ALL","RED","0","0","-","0",,,,,,"2026"
"1492490222","LJV6685","NY","PAS",,"19","SDN","TOYOT","P","0","40404","40404","20260531","111","111","111","977575","111","0","1013P",,,"I","39-33","BELL",,"0","408","J2",,"BBBBBBB","ALL","ALL",,"0","0","-","0",,,,,,"2026"
"1486421532","LAJ6857","NY","PAS",,"50","SDN","JEEP","P","38190","41550","67730","20270126","101","101","101","974223","101","0","0817A",,"Q","F","13-44","CAFFREY AVE",,"0","408","E8",,"BBBBBBB","ALL","ALL","BLACK","0","2022","-","0",,,,,,"2026"
"1501650531","MAGAEG","NY","PAS",,"98","SUBN","CHEVR","P","39390","66090","35780","20260727","110","110","110","978472","110","0","0524A",,"Q","F","51-25","CODWISE PL",,"0","408","F2",,"BBBBBBB","ALL","ALL","BK","0","2025","-","0",,,,,,"2026"
"1501324615","LUE5056","NY","PAS",,"40","SDN","SUZUK","P","18790","16140","16290","20270320","102","102","102","964740","102","0","0515A",,"Q","F","77-19","95 AVE",,"0","408","F2",,"BBBBBBB","ALL","ALL","GY","0","2009","-","0",,,,,,"2026"
"1498206049","HTT833","MN","PAS",,"46","SDN","CHRYS","P","55730","70030","18950","20250731","81","81","81","973998","81","0","0810P",,,"F","853","LEXINGTON",,"0","408","E2",,"BBBBBBB","ALL","ALL","GRAY","0","2012","-","0",,,,,,"2026"
"1500495517","LFN6860","NY","PAS",,"40","SUBN","ACURA","P","27150","12020","22320","20260930","48","48","48","980581","48","0","0854P",,"BX","O","706","E 183 ST",,"0","408","E2",,"BBBBBBB","ALL","ALL","RED","0","0","-","0",,,,,,"2026"
"1500798034","BLANKPLATE","99","999",,"40","SDN","INFIN","P","19930","40030","25330","0","83","83","83","976087","83","0","0419P",,,"F","69","BLEEKER ST",,"0","408","E2",,"BBBBBBB","ALL","ALL","BLK","0","0","-","0",,,,,,"2026"
"1500426519","LVJ3173","NY","PAS",,"46","SUBN","ME/BE","P","16910","27090","29190","20270508","34","34","34","980029","34","0","0124A",,"NY","F","108","DYCKMAN ST",,"0","408","F1",,"BBBBBBB","ALL","ALL","W","0","0","-","0",,,,,,"2026"
"1500726187","BT28672","NY","COM",,"66","TRAL","HOMES","P","27096","20750","20790","20201231","116","116","116","970482","116","0","0723P",,"Q","F","114-21","230 ST",,"0","408","K6",,"BBBBBBB","ALL","ALL","SIL","0","2020","-","0",,,,,,"2026"
"1498827007","MDV2855","PA","PAS",,"16","SUBN","TOYOT","P","56030","23330","54070","20251231","77","77","77","975570","77","0","0841A",,"K","F","1010","LINCOLN PL",,"0","408","K2",,"BBBBBBB","ALL","ALL","GRAY","0","2024","-","0",,,,,,"2026"
"1500911940","GASD2213","NY","PAS",,"14","SDN","TESLA","P","90880","64230","76330","20251130","60","60","60","973768","60","0","0752P",,"K","F","2801","WEST 8 STREET",,"0","408","F2",,"BBBBBBB","ALL","ALL","BLK","0","2023","-","0",,,,,,"2026"
"1500552513","KMN7495","NY","PAS",,"67","SUBN","MAZDA","P","0","0","0","20250811","40","40","40","963682","40","0","0800P",,,"I",,"S/E/C/O TRINITY AVE","PONTIAC PLACE","0","408","F2",,"BBBBBBB","ALL","ALL","TAN","0","2023","-","0",,,,,,"2026"
"1497702689","KNE2788","NY","PAS",,"41","SDN","DODGE","P","27422","16860","0","20270517","123","123","123","976156","123","0","0458P",,"R","I",,"ELLIS ST","ARTHUR KILL RD","0","408","D1",,"BBBBBBB","ALL","ALL","GRY","0","2019","-","0",,,,,,"2026"
"1499472225","V33SAN","NJ","PAS",,"50","SDN","ACURA","P","10610","36050","36070","88888888","28","28","28","969811","28","0","0638P",,,"F","1890","7TH AVE",,"0","408","J2",,"BBBBBBB","ALL","ALL","GRAY","0","0","-","0",,,,,,"2026"
"1496285980","LTH9737","NY","PAS",,"17","SDN","HONDA","P","60520","18520","38620","20270204","43","43","808","976966","808","0","0948A",,"BX","F","2275","RANDALL AVE",,"0","408","E2",,"BBBBBBB","ALL","ALL","WH","0","2021","-","0",,,,,,"2026"
"1495591189","LET3434","NY","PAS",,"46","SUBN","NISSA","P","73110","59530","32030","20260902","81","81","81","954767","81","0","1233A",,,"F","194","RALPH AVE",,"0","408","D",,"BBBBBBB","ALL","ALL","BLK","0","0","-","0",,,,,,"2026"
"1500383296","368AMT","NY","PAS",,"40","SUBN","TOYOT","P","12340","14440","14690","20261018","104","104","104","977717","104","0","0626A",,"Q","F","68-04","59 ROAD",,"0","408","F2",,"BBBBBBB","ALL","ALL","BLK","0","2017","-","0",,,,,,"2026"
"1498971842","6ALT54","MA","PAS",,"19","P-U","TOYOT","P","64290","7240","7540","20270430","114","114","114","979953","114","0","0821P",,,"F","25-02","STEINWAY ST",,"0","408","F1",,"BBBBBBB","ALL","ALL","SILVE","0","2015","-","0",,,,,,"2026"
"1499423627","Y519TV","FL","PAS",,"41","SDN","ROVER","P","18370","10210","10110","0","19","19","19","945745","19","0","0313P",,"NY","F","219","EAST 69 STREET",,"0","408","E2",,"BBBBBBB","ALL","ALL","WHITE","0","0","-","0",,,,,,"2026"
"1489173043","TFD7754","VA","PAS",,"46","SDN","BMW","P","36420","26250","26340","20251130","44","44","44","975350","44","0","1032P","2232P",,"O","750","GRAND CONC",,,"408","F1",,"BBBBBBB","ALL","ALL","BLK","0","2011","-","0",,,,,,"2026"
"1501540816","LCL7767","NY","PAS",,"46","SDN","HONDA","P","0","40404","40404","20250606","34","34","34","980408","34","0","0413A",,"NY","F","114","DYCKMAN",,"0","408","F1",,"BBBBBBB","ALL","ALL",,"0","0","-","0",,,,,,"2026"
"1501240572","15513MA","NY","PAS",,"46","VAN","FORD","P","42730","12930","67030","20261031",,"0","79","980536","79","0","0731P",,"K","O","1281","FULTON ST",,"0","408","E5",,"BBBBBBB","ALL","ALL",,"0","0","-","0",,,,,,"2026"
"1501202674","29127MN","NY","COM",,"40","VAN","DODGE","P","18890","28790","7790","20250731",,"0","115","966353","115","0","0823A",,,"O","26-49","96 STREET",,"0","408","D1",,"BBBBBBB","ALL","ALL","BLUE","0","2019","-","0",,,,,,"2026"
"1499716874","L95RYM","NJ","PAS",,"16","SDN","JEEP","P","10810","34210","34230","0","10","10","10","979661","10","0",,,,"F","236","8 AVENUE",,"0","408","F2",,"BBBBBBB","ALL","ALL",,"0","0","-","0",,,,,,"2026"
"1499018770","KHB9783","NY","PAS",,"40","SDN","HONDA","P","0","0","0","20261220","114","114","114","980192","114","0","1238A","1238A","Q","I",,"C/O STEINWAY","28 AV","0","408","F1",,"BBBBBBB","ALL","ALL","GR","0","2004","-","0",,,,,,"2026"
"1496373418","LWE3120","NY","PAS",,"50","SDN","KIA","P","47630","40030","63030","20270604","83","83","83","964426","83","0","0915A",,,"F","616","HART STREET",,"0","408","F1",,"BBBBBBB","ALL","ALL","BLK","0","2017","-","0",,,,,,"2026"
"1499761922","LOT2987","NY","PAS",,"21",,"ACURA","P","22390","24390","24440","20250903","116","116","116","975992","116","0","0630A",,"Q","F","167-10","137 AVE",,"0","408","F7",,"BBBBBBB","ALL","ALL",,"0","0","-","0",,,,,,"2026"
"1489189531","KYC8246","NY","PAS",,"19","SUBN","ACURA","P","26490","52120","56820","20260624","44","44","44","971923","44","0","1025A",,"BX","F","280","E 161 ST",,"0","408","C3",,"BBBBBBB","ALL","ALL","GRAY","0","2016","-","0",,,,,,"2026"
"1499149645","ZXX8094","PA","PAS",,"78","TRUC","ISUZU","P","15620","28560","28590","20260131","47","47","47","979149","47","0","0347A",,,"F","4156","BRONXWOOD AVE",,"0","408","F1",,"BBBBBBB","ALL","ALL","WHITE","0","0","-","0",,,,,,"2026"
"1499211089","TBK2829","VA","PAS",,"46","SDN","NISSA","P","0","40404","40404","20260531","42","42","42","965700","42","0","0823A",,"BX","F","107","WASHINGTON",,"0","408","C",,"BBBBBBB","ALL","ALL","BLU","0","0","-","0",,,,,,"2026"
"1500160520","A14UZT","NJ","PAS",,"14","SDN","HONDA","P","21880","22680","23030","20251020","60","60","60","977946","60","0","0358A",,"K","F","3100","BRIGHTON 4 STREET",,"0","408","E2",,"BBBBBBB","ALL","ALL","WH","0","2017","-","0",,,,,,"2026"
"1499257879","LHY2156","NY","PAS",,"46","SUBN","JEEP","P","83630","91330","91380","20260325","60","60","60","975977","60","0",,,"K","F","1904","SURF AVE",,"0","408","F1",,"BBBBBBB","ALL","ALL","WHITE","0","2021","-","0",,,,,,"2026"
"1499225441","MRE3790","PA","PAS",,"19","SDN","HONDA","P","22320","27090","27120","20251031","48","48","48","972776","48","0","0915P","0915P","BX","F","2168","CROTONA AVENUE",,"0","408","C3",,"BBBBBBB","ALL","ALL","GREEN","0","0","-","0",,,,,,"2026"
"1501545851","LVK7393","NY","PAS",,"53","SUBN","DODGE","P","10610","36630","36650","20270504","32","32","32","980529","32","0","1000P",,,"O","2468","7TH AVE",,"0","408","E2",,"BBBBBBB","ALL","ALL","GRAY","0","0","-","0",,,,,,"2026"
"1500961218","775BU8","NY","MOT",,"51","MC","ZHEJI","P","26520","21520","50320","20260430","42","42","42","964976","42","0","1011P",,"BX","F","370","E 162 ST",,"0","408","E2",,"BBBBBBB","ALL","ALL","RED","0","2023","-","0",,,,,,"2026"
"1495565038","LJA5860","NY","PAS",,"51","SUBN",,"P","91230","47625","64230","20260305","60","60","60","975165","60","0","0151P",,"K","O","2736","WEST 16 STREET",,"0","408","C",,"BBBBBBB","ALL","ALL","BLU","0","2024","-","0",,,,,,"2026"
"1501227671","NFXT25","FL","PAS",,"40","SUBN","NISSA","P","95030","78330","78430","88888888","90","90","90","974685","90","0","1259A",,,"F","376","WYTHE AVE",,"0","408","C3",,"BBBBBBB","ALL","ALL","BL","0","0","-","0",,,,,,"2026"
"1501541122","26086","PA","PAS",,"46","SUBN","CHEVR","P","11010","37670","37690","88888888","34","34","34","980338","34","0","1057P",,"NY","F","3855","10TH AVE",,"0","408","D1",,"BBBBBBB","ALL","ALL",,"0","0","-","0",,,,,,"2026"
"1499021318","LJP1741","NY","PAS",,"40","SDN","CHEVR","P","5790","9340","9540","20260304","114","114","114","979794","114","0","1253A","1253A","Q","F","40-04","12TH ST",,"0","408","E5",,"BBBBBBB","ALL","ALL","GGRAY","0","2009","-","0",,,,,,"2026"
"1501542011","LEH7912","NY","PAS",,"46","SUBN","BMW","P","16910","27090","29190","20250911","34","34","34","980836","34","0","1125P",,"NY","F","120","DYCKMAN ST",,"0","408","F1",,"BBBBBBB","ALL","ALL","BLU","0","2024","-","0",,,,,,"2026"
"1487859831","Y200734C","NY","OMT",,"14","VAN","TOYOT","P","22620","22320","22320","20260228","42","42","42","979883","42","0","0818P","0818P",,"O","672","CROTONA PARK SOUTH",,"0","408","C",,"BBBBBBB","ALL","ALL","YELLO","0","0","-","0",,,,,,"2026"
"1499802912","9688RN","SC","PAS",,"40","SDN","TESLA","P","6590","23540","23790","20270531",,"0","109","971625","109","0","0050A",,,"F","154-73","21 AVE",,"0","408","E2",,"BBBBBBB","ALL","ALL","RED","0","2021","-","0",,,,,,"2026"
"1498994805","84T882","MA","PAS",,"98","SUBN","FORD","P","7190","6590","42490","0","114","114","114","943401","114","0","0917A",,,"F","21-62","24 ST",,"0","408","F7",,"BBBBBBB","ALL","ALL","B","0","2012","-","0",,,,,,"2026"
"1476653082","BEKU2","NY","PAS",,"20","SUBN","INFIN","X","7430","9680","9730","20251225","62","62","302","355542","T302","0","0741A",,"K","O","6219","23RD AVE",,"0","408","E2",,"BBBBBBB","ALL","ALL","BK","0","2024","-","0",,,,,,"2026"
"1499778363","MVD8914","PA","PAS",,"98","SDN","MAZDA","P","19690","8590","8790","20260331","115","115","115","976664","115","0","0831A",,"Q","O","35-09","103 ST",,"0","408","E2",,"BBBBBBB","ALL","ALL","RED","0","2019","-","0",,,,,,"2026"
"1499482772","KZF2109","NY","PAS",,"46","VAN","FORD","P","16910","27090","29190","88888888","34","34","34","979632","34","0","1057P",,"NY","F","104","DYCKMAN STREET",,"0","408","C1",,"BBBBBBB","ALL","ALL","BLU","0","0","-","0",,,,,,"2026"
"1500339374","TEE7925","VA","PAS",,"46","VAN","HONDA","P","36480","26430","13880","20251231","67","67","72","979422","72","0","0908P",,,"F","618","E 37 ST",,"0","408","J6",,"BBBBBBB","ALL","ALL","BLU","0","2007","-","0",,,,,,"2026"
"1500482262","77942ND","NY","COM",,"78",,"MACK","P","27480","40404","40404","20250930","45","45","45","973394","45","0","0848A",,"BX","F","3217","E 194 ST",,"0","408","D1",,"BBBBBBB","ALL","ALL",,"0","0","-","0",,,,,,"2026"
"1499417937","F82VCD","99","PAS",,"14",,,"P","29690","36450","36470","0","30","30","30","973947","30","0","0749P",,,,"571","RIVERSIDE DRIVE",,"0","408","C",,"BBBBBBB","ALL","ALL",,"0","0","-","0",,,,,,"2026"
"1501617898","M87VSA","NJ","PAS",,"40","SDN",,"P","72720","49220","30520","88888888","44","44","44","979720","44","0","0235A",,,"F","1356","WALTON AVE",,"0","408","E2",,"BBBBBBB","ALL","ALL","BLK","0","0","-","0",,,,,,"2026"
"1498945302","Y97UHG","NJ","PAS",,"20",,"KIA","P","42850","61830","53830","20270331","84","84","84","975464","84","0","1050P",,"K","F","334","FURMAN ST",,"0","408","F2",,"BBBBBBB","ALL","ALL","BLUE","0","2040","-","0",,,,,,"2026"
"1500493107","BLANKPLATE","99","999",,"74","SDN","HONDA","P","56820","27180","27270","0","48","48","48","969562","48","0",,,,"F","4581","PARK AVENUE",,"0","408","F1",,"BBBBBBB","ALL","ALL","GRAY","0","2017","-","0",,,,,,"2026"
"1499922474","BLANKPLATE","99","999",,"40","SDN","CADIL","P","0","40404","40404","88888888","106","106","106","972191","106","0","0301A",,"Q","F","94-27","PLATWOOD AVE",,"0","408","K6",,"BBBBBBB","ALL","ALL","WH","0","0","-","0",,,,,,"2026"
"1498758897","LNB8165","NY","PAS",,"20","SUBN","BMW","P","35930","14510","25690","20260314","24","24","24","977381","24","0","0647P",,"NY","F","16","W 108 ST",,"0","408","E2",,"BBBBBBB","ALL","ALL",,"0","0","-","0",,,,,,"2026"
"1500384148","E16VSA","NJ","PAS",,"40","SDN","FORD","P","13640","56490","39690","88888888","104","104","104","977717","104","0","0211A",,"Q","F","72-29","65 PLACE",,"0","408","F2",,"BBBBBBB","ALL","ALL","BLACK","0","0","-","0",,,,,,"2026"
"1500704350","KZN2612","NY","PAS",,"98","SDN","HONDA","P","29090","24740","21560","20261027",,"0","113","978252","113","0","0300A","0300A","Q",,"172-19","BAISLEY BLVD",,,"408","K6",,"BBBBBBB","ALL","ALL","BLUE","0","2016","-","0",,,,,,"2026"
"1501599320","KPP9765","NY","PAS",,"39","SDN","HONDA","P","57840","56000","12550","20251026","45","45","163","971002","163","0","0808P",,,,,"ORCHARD BEACH",,"0","408","J3",,"BBBBBBB","ALL","ALL",,"0","0","-","0",,,,,,"2026"
"1501352180","BU75718","NY","999",,"66",,"LO/RI","P","24640","19790","19990","20201231","103","103","103","952012","103","0",,,"Q","F","105-07","171 PL",,"0","408","J2",,"BBBBBBB","ALL","ALL","GY","0","2020","-","0",,,,,,"2026"
"1499011775","326431","DE","PAS",,"46","SDN","NISSA","P","64290","40404","40404","88888888","114","114","114","979794","114","0","0256A","0256A","Q","F","40-14","STEINWAY ST",,"0","408","F1",,"BBBBBBB","ALL","ALL","BLACK","0","0","-","0",,,,,,"2026"
"1491889184","226046V","NJ","PAS",,"40","SUBN","CADIL","P","26070","12820","15720","20250816","40","40","40","957079","40","0","0554A","0554A",,"F","463","E 147",,"0","408","F2",,"BBBBBBB","ALL","ALL","SIL","0","2011","-","0",,,,,,"2026"
"1501570298","KVP2702","NY","PAS",,"14","SDN","ME/BE","P","68020","23800","98280","20260414","40","40","40","965837","40","0","0905A",,,"F","2413","3 AVE",,"0","408","F2",,"BBBBBBB","ALL","ALL","BLK","0","2019","-","0",,,,,,"2026"
"1499778405","T755536C","NY","PAS",,"14","SDN","CHEVR","P","8440","14690","0","20251231","115","115","115","976664","115","0","0807A",,"Q","F",,"34 AVE","69 STREET","0","408","E2",,"BBBBBBB","ALL","ALL","BK","0","2020","-","0",,,,,,"2026"
"1499804490","LXR7889","NY","PAS",,"14","SUBN","TOYOT","P","54580","41340","43360","20270629","109","109","109","973949","109","0","0607A",,"Q","F","43-31","MAIN STREET",,"0","408","E2",,"BBBBBBB","ALL","ALL","WH","0","2025","-","0",,,,,,"2026"
"1501237688","JDG2721","NY","PAS",,"98","SUBN","BMW","P","45930","55530","82930","20270404","81","81","81","973505","81","0","0636A",,"K","F","843","GREENE AVENUE",,"0","408","F2",,"BBBBBBB","ALL","ALL","GRAY","0","2019","-","0",,,,,,"2026"
"1462672255","KHP108","99","PAS",,"41",,,"9","36430","11112","0","0","30","30","831","0","831","0","1223A",,,,,"133RD ST","12TH AVE","0","408","C3",,"BBBBBBB","ALL","ALL","BLACK","0","0","-","0",,,,,,"2026"
"1502400650","BLANKPLATE","99","999",,"74",,"HONDA","P","0","40404","40404","0","115","115","115","980008","115","0","1250A",,"Q","F","96-15","ROOSEVELT",,"0","408","C3",,"BBBBBBB","ALL","ALL","RED","0","2019","-","0",,,,,,"2026"
"1502295647","GYALIS","NY","PAS",,"40","SDN","VOLKS","P","20940","18790","19340","20270104","102","102","102","969520","102","0","1240P",,"Q","F","95-43","116 ST",,"0","408","E2",,"BBBBBBB","ALL","ALL","WH","0","2001","-","0",,,,,,"2026"
"1501589192","LAN4160","NY","PAS",,"20","SUBN","TOYOT","P","16040","63220","0","20270303","45","45","45","977205","45","0","0648P",,,"F",,"BRUSH AVE","SCHLEY AVE","0","408","K6",,"BBBBBBB","ALL","ALL","BLK","0","2013","-","0",,,,,,"2026"
"1499010539","A22VPD","NJ","PAS",,"40","SUBN","ROVER","P","9640","7240","7540","0","114","114","114","980200","114","0","0346A","0346A","Q","F","25-95","41 ST",,,"408","C3",,"BBBBBBB","ALL","ALL","BLK","0","2019","-","0",,,,,,"2026"
"1502102572","V99PHY","NJ","PAS",,"40","SDN","HYUND","P","0","40404","40404","20251020","44","44","44","980782","44","0","0654P",,,"F","1113-1115","SHERIDAN",,"0","408","F1",,"BBBBBBB","ALL","ALL","WHT","0","2021","-","0",,,,,,"2026"
"1498219305","LXP5391","NY","PAS",,"46","SDN","SUBAR","P","67120","76950","26820","20270615","43","43","43","974382","43","0","0027A",,"BX","F","1215","STRATFORD AVENUE",,,"408","F1",,"BBBBBBB","ALL","ALL","BLK","0","2016","-","0",,,,,,"2026"
"1498051704","LUV3958","NY","PAS",,"46","SDN","ME/BE","P","24680","40404","40404","20270322","69","69","69","976413","69","0","0949P",,"K","F",,"CANARSIE VETERANS CI",,"0","408","F2",,"BBBBBBB","ALL","ALL","GY","0","2014","-","0",,,,,,"2026"
"1502125511","KXC1209","NY","PAS",,"40","SUV","TOYOT","P","23920","27510","27570","20260516","52","52","52","981323","52","0","1209A",,"BX","F","2704","DECATUR AVE",,"0","408","F1",,"BBBBBBB","ALL","ALL","WHITE","0","0","-","0",,,,,,"2026"
"1501618489","LNB5788","NY","PAS",,"46","SUBN","NISSA","P","26760","20020","0","20261009","44","44","44","981350","44","0","0707P",,,"F",,"E 170","CLAY AVE","0","408","F1",,"BBBBBBB","ALL","ALL",,"0","0","-","0",,,,,,"2026"
"1499835723","KMT4266","NY","PAS",,"98","SUBN","LEXUS","P","9590","45790","54580","20250825","109","109","109","975463","109","0","0700P",,"Q","F","133-10","41 RD",,"0","408","E5",,"BBBBBBB","ALL","ALL",,"0","0","-","0",,,,,,"2026"
"1501618866","9SYU922","CA","PAS",,"46",,"BMW","P","26730","52120","20720","0","49","49","49","980190","49","0",,,,"F","276","EAST 169",,"0","408","E2",,"BBBBBBB","ALL","ALL",,"0","0","-","0",,,,,,"2026"
"1502129814","JET1235","NY","PAS",,"10","SUBN","BMW","P","22320","19720","22520","20261110","42","42","42","967496","42","0","0810A",,"BX","F","1700","CROTONA AVE",,"0","408","F1",,"BBBBBBB","ALL","ALL","WHITE","0","2019","-","0",,,,,,"2026"
"1500495130","TFL5702","VA","PAS",,"40","SDN","BMW","P","17520","27270","27300","88888888","48","48","48","980910","48","0","0845P",,"BX","F","2403","CAMBRELENG AVE",,"0","408","F1",,"BBBBBBB","ALL","ALL","WHITE","0","0","-","4",,,,,,"2026"
"1492003499","79998NF","NY","COM",,"78","VAN","FORD","P","25990","7540","7690","20270213","111","111","111","977194","111","0","1212A",,"Q","F","28-41","203 ST",,"0","408","J2",,"BBBBBBB","ALL","ALL","WHT","0","2006","-","0",,,,,,"2026"
"1500854566","532ANB","NY","PAS",,"14","SUBN","JEEP","P","11330","5430","42630","20270113","68","68","68","971776","68","0","1154A",,"K","F","470","95 ST",,"0","408","F2",,"YYYYYBB","0700A","0400P","BLACK","0","2014","-","0",,,,,,"2026"
"1501618490","LSN4061","NY","PAS",,"46","SDN","BMW","P","26760","20020","0","20261016","44","44","44","981350","44","0","0710P",,,"F",,"E 170","CLAY AVE","0","408","F1",,"BBBBBBB","ALL","ALL",,"0","0","-","0",,,,,,"2026"
"1496177988","CP68LV","FL","PAS",,"17","SUBN","FORD","O","20110","11800","56530","20260131","84","84","0","0","0KCV","0","0822A",,"K","O","1","BOERUM PL",,"0","408","C4",,"YYYYYBB","0700A","0700P","WH","0","0","-","0",,,,,,"2026"
"1500663438","KYT6898","NY","PAS",,"40","SUBN","HONDA","P","18190","23140","23190","20261008","103","103","103","979938","103","0","1030P","1030P","Q","F","148-15","LOWE CT",,,"408","F2",,"BBBBBBB","ALL","ALL","WHT","0","2012","-","0",,,,,,"2026"
"1494214519","KBJ6129","NC","PAS",,"40","SDN","ME/BE","P","7720","50820","44120","0","47","47","47","967862","47","0","1103P",,,"O","1620","ADEE AVE",,"0","408","F2",,"BBBBBBB","ALL","ALL","BLK","0","0","-","0",,,,,,"2026"
"1501350067","LJV6675","NY","PAS",,"98",,"TOYOT","P","59025","40404","40404","20260520","103","103","103","931247","103","0","0412A",,"Q","F","165-17","PINEGROVE ST",,"0","408","M2",,"BBBBBBB","ALL","ALL","BLUE","0","2024","-","0",,,,,,"2026"
"1457718133","RKJ4600","99","PAS",,"46","SDN",,"P","73120","26640","36150","0","42","42","42","967496","42","0","0919A",,"BX","F","1138","WASHINGTON AVE",,"0","408","J2",,"BBBBBBB","ALL","ALL","BLUE","0","0","-","0",,,,,,"2026"
"1501001553","MRH6467","PA","PAS",,"46",,,"P","52120","27180","27300","20250930","46","46","46","980030","46","0","0938A",,,"O","2396","MORRIS AVE",,"0","408","F1",,"BBBBBBB","ALL","ALL",,"0","0","-","0",,,,,,"2026"
"1495943756","RVBE78","FL","PAS",,"67","SUBN","MAZDA","P","0","0","0","20250904","108","108","108","978785","108","0","0843P",,,"I",,"C/S 47 AVE","41 ST","0","408","E2",,"BBBBBBB","ALL","ALL","GRY","0","2024","-","0",,,,,,"2026"
"1500150423","T794892C","NY","PAS",,"98","SUBN","LEXUS","P","22030","67830","22680","20250731","60","60","60","972071","60","0","0907A",,,"F","3015","BRIGHTON 6 ST",,"0","408","F2",,"BBBBBBB","ALL","ALL",,"0","0","-","0",,,,,,"2026"
"1502148651","UCM6430","VA","PAS",,"67","SUBN","KIA","P","24020","29320","27990","20250731","52","52","52","976304","52","0","0857P",,"BX","F","3554","DEKALB AVE",,"0","408","F2",,"BBBBBBB","ALL","ALL","GRY","0","2018","-","0",,,,,,"2026"
"1500272504","TJC5795","VA","PAS",,"75","SDN","LEXUS","P","72030","55830","44330","0",,"0","73","956714","73","0","1120P",,,"O","103","POWELL ST",,"0","408","J5",,"BBBBBBB","ALL","ALL",,"0","0","-","0",,,,,,"2026"
"1501771267","F15UHT","NJ","PAS",,"14","SDN","TOYOT","A","97530","0","0","20260430","115","115","302","51784","302","0","0935A","0933A","Q","F",,"LGA TERMINAL B","ARRIVALS ROADWAY",,"408","J6",,"BBBBBBB","ALL","ALL","BLK","0","2018","-","0",,,,,,"2026"
"1501608563","LEM1334","99","PAS",,"98","P-U",,"P","28530","10620","15620","20250731","47","47","47","973316","47","0","0846A",,,"F","854","E 230 ST",,"0","408","F1",,"BBBBBBB","ALL","ALL","WH","0","2022","-","0",,,,,,"2026"
"1501572775","LWM8729","NY","PAS",,"46","SDN","ACURA","P","35020","26040","26130","20270603","40","40","40","973662","40","0","1135P","1135P","BX","F","491","GERARD AVENUE",,,"408","E2",,"BBBBBBB","ALL","ALL","GRY","0","2012","-","0",,,,,,"2026"
"1497878342","JFL9588","PA","PAS",,"14","SDN","NISSA","P","42730","38950","44530","20260731","84","84","84","968219","84","0","0125P",,,"F","474","FULTON ST",,"0","408","E2",,"BBBBBBB","ALL","ALL","GRY","0","0","-","0",,,,,,"2026"
"1500161901","KZJ3133","NY","PAS",,"71","SDN","HYUND","P","77930","36780","0","20241122","67","67","67","980387","67","0","0228A","0215A","K","F","4121","SNYDER AVE","E 43 ST",,"408","E2",,"BBBBBBB","ALL","ALL","WHITE","0","2017","-","0",,,,,,"2026"
"1500680631","BAO0325","CT","PAS",,"98",,"CHEVR","P","21520","23040","23090","0","113","113","113","946229","113","0","0725P",,"Q","F","146-18","123 AVE",,"0","408","E2",,"BBBBBBB","ALL","ALL","BLUE","0","2007","-","0",,,,,,"2026"
"1500075814","FJ26862","IL","PAS",,"20","SUBN","HONDA","P","55720","66920","60220","88888888","43","43","43","974382","43","0","1018P",,"BX","F","917","OLMSTEAD AVE",,,"408","D",,"BBBBBBB","ALL","ALL",,"0","0","-","0",,,,,,"2026"
"1500296004","M47VST","NJ","PAS",,"40",,"HYUND","P","0","0","0","20270430","84","84","84","980059","84","0","0315P",,,"I",,,,"0","408","E2",,"BBBBBBB","ALL","ALL","GRY","0","2015","-","0",,,,,,"2026"
"1498390523","2907HY","WI","PAS",,"14","SDN","TOYOT","P","14010","33390","11115","0","1","1","1","962648","1","0","0510P",,,"F","536","CANAL STREET",,"0","408","C",,"YYYYYYB","0300P","0700P","BLUE","0","0","-","0",,,,,,"2026"
"1500148090","TGU1150","GA","PAS",,"19","SUBN","FORD","P","83630","91330","91380","0","60","60","60","969969","60","0","0637P","0637P","K","O","1904","SURF AVE",,"0","408","C",,"BBBBBBB","ALL","ALL","WHITE","0","0","-","0",,,,,,"2026"
"1496373431","KSL5934","99","PAS",,"98",,"HONDA","P","94130","40030","25330","20260228","83","83","83","964426","83","0","0925A",,,"O","144","WOODBINE ST",,"0","408","E6",,"BBBBBBB","ALL","ALL",,"0","0","-","0",,,,,,"2026"
"1496513137","LJP2052","NY","PAS",,"46","SDN","ME/BE","P","55590","21870","21885","20260325","117","117","113","978972","113","0","0955A","0950A",,"F","130-28","MERRICK",,"0","408","E5",,"BBBBBBB","ALL","ALL",,"0","0","-","0",,,,,,"2026"
"1502128664","BLANKPLATE","99","999",,"74",,"CHEVR","P","73120","26550","26580","0","42","42","42","967496","42","0",,,,"O","967","WASHINGTON AVE",,"0","408","B",,"BBBBBBB","ALL","ALL","WHITE","0","2010","-","0",,,,,,"2026"
"1498414886","TCM2452","VA","PAS",,"21",,"FORD","P","25010","15350","13610","88888888","1","1","1","972244","1","0",,,,"F","60","LISPENARD ST",,"0","408","I3",,"YYYYYBB","0800A","0600P",,"0","0","-","0",,,,,,"2026"
"1502112395","BLANKPLATE","99","999",,"70","SDN","BMW","P","55020","54020","66720","0","43","43","43","972905","43","0","1218P",,"BX","O","1940","OBRIEN AVE",,"0","408","J2",,"BBBBBBB","ALL","ALL","GRY","0","2022","-","0",,,,,,"2026"
"1496876933","R20VUZ","NJ","PAS",,"17","SUBN","ROVER","P","18950","10110","10010","20250726","23","23","23","977223","23","0","0800A",,"NY","F","343","E 99 ST",,"0","408","F1",,"BBBBBBB","ALL","ALL","BL","0","2022","-","0",,,,,,"2026"
"1447942190","S2318445","GA","PAS",,"14","SDN","LEXUS","P","0","0","0","20250805","102","102","102","950393","102","0","1152A",,"Q",,,"W/O 116 ST","N/O MAYFAIR","0","408","E2",,"BBBBBBB","ALL","ALL","GR","0","1999","-","0",,,,,,"2026"
"1493080350","BLANKPLATE","99","999",,"70","SUBN","DODGE","P","68020","26640","26640","88888888","42","42","42","976863","42","0","0736P",,"BX","O","3391","THIRD AVE",,"0","408","F1",,"BBBBBBB","ALL","ALL","BLUE","0","2008","-","0",,,,,,"2026"
"1501605460","LNB1543","NY","PAS",,"70","SDN",,"P","43650","28680","28710","20260716","47","47","47","969839","47","0","0903P",,,"F","4272","KEPLER",,"0","408","F2",,"BBBBBBB","ALL","ALL","RED","0","2007","-","0",,,,,,"2026"
"1499688301","314YSG","99","PAS",,"98","SDN","HONDA","P","6430","5130","5280","20251030","78","78","78","978805","78","0","0648A",,"K","F","135","13TH ST",,"0","408","F2",,"BBBBBBB","ALL","ALL","BLK","0","0","-","0",,,,,,"2026"
"1500526812","BLANKPLATE","99","999",,"74","MOPE",,"P","26670","43520","68720","0","41","41","41","976126","41","0","0630A","0625P","BX","F","900","E 167 ST",,"0","408","J2",,"BBBBBBB","ALL","ALL","BLK","0","0","-","0",,,,,,"2026"
"1500494008","C12VYD","99","PAS",,"98",,,"P","54820","12520","22320","88888888","48","48","48","977072","48","0","0505A",,,"F","665","OAKLAND PL",,"0","408","F1",,"BBBBBBB","ALL","ALL",,"0","0","-","0",,,,,,"2026"
"1502046751","LSK2018","NY","PAS",,"19",,,"P","37703","30190","23290","88888888",,"0","34","975863","34","0","0545P",,"NY","F","585","W 214 ST",,"0","408","C3",,"BBBBBBB","ALL","ALL",,"0","0","-","0",,,,,,"2026"
"1500821779","LDD5237","NY","PAS",,"99","SUBN","MITSU","P","69230","81630","39330","20250926","88","88","88","969883","88","0","0454P",,"K","O","346","PARK AVE",,"0","408","C",,"BBBBBBB","ALL","ALL","#NAME?","0","2008","-","0",,,,,,"2026"
"1501606931","LEL1671","NY","PAS",,"46","SUBN","FORD","P","0","40404","40404","20250904","47","47","47","969178","47","0","0315P",,,"F","4220","VAN COURTLAND PK E",,"0","408","C3",,"BBBBBBB","ALL","ALL","WHT","0","2008","-","0",,,,,,"2026"
"1499790375","GSM1421","NY","PAS",,"40","SDN","HONDA","P","17990","8590","8790","20260817","115","115","115","979065","115","0","0752P",,"Q","F","35-48","88 ST",,"0","408","F2",,"BBBBBBB","ALL","ALL","WHITE","0","2018","-","0",,,,,,"2026"
"1497676927","ESU7095","NY","PAS",,"27","SDN","MAZDA","P","44750","10575","10575","20270729","121","121","121","975430","121","0","0148P",,"R","F","2655","RICHMOND AVE",,"0","408","J3",,"BBBBBBB","ALL","ALL","WHITE","0","2024","-","0",,,,,,"2026"
"1492199898","JFY2081","NY","PAS",,"19",,"TOYOT","M","59990","14740","14810","20270214","110","110","0","0","QNRO","0","0900P",,,"O","107-21","QUEENS BLVD",,"0","408","C3",,"BBBBBBB","ALL","ALL","BLK","0","0","-","0",,,,,,"2026"
"1501021497","LER4N4","NY","PAS",,"98","SDN","ME/BE","P","10180","7230","17330","20261011","621","621","62","966245","62","0","0737P",,"NY","F","2159","72 ST",,"0","408","E2",,"BBBBBBB","ALL","ALL","WHITE","0","2021","-","0",,,,,,"2026"
"1502046842","LKV1523","NY","PAS",,"46","SUBN","TOYOT","P","37410","31190","32790","20250930","34","34","34","945282","34","0","1135A",,,"F","600","W 183 ST",,"0","408","C",,"BBBBBBB","ALL","ALL","BK","0","2024","-","0",,,,,,"2026"
"1473308793","5GD8508","ME","PAS",,"20","SUBN","GMC","P","17210","32645","13610","20270430","6","6","6","973124","6","0","0117A","0100A","NY","F","53","E 11 STREET",,,"408","J2",,"BBBBBBB","ALL","ALL","WH","0","0","-","0",,,,,,"2026"
"1493276281","XLBK23","NJ","PAS",,"19",,"CHEVR","M","58390","63030","63790","20230220","104","104","0","0","NYCT","0","0917A",,"Q","F","1615","PALMETTO",,"0","408","C3",,"BBBBBBB","ALL","ALL","BLUE","0","0","-","0",,,,,,"2026"
"1498374505","LPZ4465","NY","PAS",,"40","SUBN","NISSA","P","25010","15350","13610","20261024","1","1","1","971357","1","0","1133A",,,"F","62","LISPENARD ST",,"0","408","C",,"BBBBBBB","ALL","ALL","WHT","0","2017","-","0",,,,,,"2026"
"1497803135","KNE8088","NY","PAS",,"46","SDN","DODGE","P","40930","40630","36980","20270527","63","63","63","969363","63","0","1204P",,"K","F","2286","FLATBUSH AVE",,"0","408","E2",,"BBBBBBB","ALL","ALL","GRAY","0","2024","-","0",,,,,,"2026"
"1493276244","XJYJ58","NY","COM",,"19",,"CHEVR","M","58390","63030","63790","0","104","104","0","0","NYCT","0","0920A",,"Q",,"1615","PALMETTO",,"0","408","C4",,"BBBBBBB","ALL","ALL","BLUE","0","0","-","0",,,,,,"2026"
"1499693667","LXJ7733","NY","PAS",,"40","SUBN","ROVER","P","34010","21740","33910","20270630","6","6","6","971629","6","0","0400P","0400P","NY","F","256","W 12 ST",,"0","408","E5",,"BBBBBBB","ALL","ALL","BK","0","2025","-","0",,,,,,"2026"
"1501568541","E64MYU","NJ","PAS",,"20","SDN","HONDA","P","68020","15920","25680","20250120","40","40","40","951989","40","0","1136A",,"BX","F","2419","3RD AVE",,"0","408","D",,"BBBBBBB","ALL","ALL","GRAY","0","2013","-","0",,,,,,"2026"
"1499777164","91975NB","NY","COM",,"98","VAN","FORD","P","8440","19390","19540","0","115","115","115","976708","115","0",,"0312A","Q",,"101-11","34 AVE",,,"408","F2",,"BBBBBBB","ALL","ALL","WHITE","0","0","-","0",,,,,,"2026"
"1501334062","GPU7155","NY","PAS",,"14","SUBN","TOYOT","P","18540","24840","24890","20270429","103","103","103","968644","103","0",,,"Q","F","175-20","93 AVE",,"0","408","F2",,"BBBBBBB","ALL","ALL","GRY","0","2021","-","0",,,,,,"2026"
"1500360570","LSH6685","NY","PAS",,"98","SUBN","ME/BE","P","16290","38290","43490","0","104","104","104","976154","104","0","0307A",,"Q",,"60-07","78 ST",,"0","408","K6",,"BBBBBBB","ALL","ALL","BLK","0","0","-","0",,,,,,"2026"
"1502296184","110AEH","NY","PAS",,"40","SUBN","KIA","P","21140","16940","41120","20260302","102","102","102","978809","102","0","0750P",,"Q","F","83-60","118TH STREET",,"0","408","E2",,"BBBBBBB","ALL","ALL","GRY","0","2023","-","1",,,,,,"2026"
"1498975070","BLANKPLATE","99","999",,"70",,"HONDA","P","8090","7040","7300","0","114","114","114","972048","114","0","0255A",,,"F","23-43","31 ROAD",,"0","408","K6",,"BBBBBBB","ALL","ALL",,"0","0","-","0",,,,,,"2026"
"1501570055","HZP5548","NY","PAS",,"40","SDN","TOYOT","P","26250","50320","31120","20260610","40","40","40","973662","40","0","1148P","1148P","BX","F","418","E 153 STREET",,,"408","C",,"BBBBBBB","ALL","ALL","WHI","0","2018","-","0",,,,,,"2026"
"1500345295","4GB1454","MA","PAS",,"98","SDN","HONDA","P","53950","28430","85430","20260603","76","76","76","978359","76","0","0523P",,,"F","90","KANE ST",,"0","408","F2",,"BBBBBBB","ALL","ALL","RED","0","2016","-","0",,,,,,"2026"
"1501574644","5535FZ","99","PAS",,"46",,"BMW","P","52320","73420","38525","0","43","43","43","939438","43","0","0852P",,"BX","O","1133","MORRISON AVE",,"0","408","F1",,"BBBBBBB","ALL","ALL",,"0","0","-","0",,,,,,"2026"
"1498492952","KDV3092","NY","PAS",,"98","SUBN","HYUND","P","56230","37130","37180","20260726","67","67","76","979461","76","0","1049P",,"K","F","821","LINDEN BLVD",,"0","408","F7",,"BBBBBBB","ALL","ALL","GRAY","0","2024","-","0",,,,,,"2026"
"1500357054","971CGA","NY","PAS",,"40","SDN","LEXUS","P","54490","13490","41700","88888888","104","104","104","977717","104","0","0716A",,"Q","F","64-28","MADISON ST",,"0","408","K5",,"BBBBBBB","ALL","ALL",,"0","0","-","0",,,,,,"2026"
"1489174370","TWH14W","NJ","PAS",,"66",,,"P","56820","20020","26610","20251030","44","44","44","973518","44","0","1037P",,"BX","F","3339","PARK AVE",,"0","408","K6",,"BBBBBBB","ALL","ALL",,"0","2016","-","0",,,,,,"2026"
"1486223102","BT13324","CT","PAS",,"17","SUBN","HONDA","P","10210","19390","19410","0","25","25","825","976050","825","0","0523P",,,"F","2257","3RD AVENUE",,"0","408","C4",,"BBBBBBB","ALL","ALL",,"0","0","-","0",,,,,,"2026"
"1496434160","YNKC16","NJ","PAS",,"78",,"ISUZU","P","14280","67047","35530","20250930","70","70","70","977368","70","0","1254A",,,"O","1523","AVENUE N",,"0","408","K6",,"BBBBBBB","ALL","ALL","WHITE","0","0","-","0",,,,,,"2026"
"1495093580","BAW6913","WI","PAS",,"17","VAN","TOYOT","P","18950","10210","10110","20260630","23","23","23","972493","23","0","0415P",,,"O","215","EAST 99 STREET",,"0","408","C4",,"BBBBBBB","ALL","ALL",,"0","0","-","0",,,,,,"2026"
"1457717979","BLANKPLATE","99","999",,"51","SDN",,"P","73120","40404","40404","0","42","42","42","967496","42","0",,,,"O","11140","WASHINGTON AVE",,"0","408","F2",,"BBBBBBB","ALL","ALL","BLU","0","2018","-","0",,,,,,"2026"
"1498134476","208581V","NJ","PAS",,"98","SDN","INFIN","P","56230","36380","23330","88888888","67","67","67","965877","67","0","0844A",,"K","F","387","LINDEN BLVD",,"0","408","F1",,"BBBBBBB","ALL","ALL","WHT","0","2019","-","0",,,,,,"2026"
"1457776388","LGE6630","NY","PAS",,"40","VAN","CHEVR","P","54120","73420","35720","20260102","43","43","43","974382","43","0","0609A",,"BX","F","1145","NOBLE AVE",,,"408","F2",,"BBBBBBB","ALL","ALL","BL","0","1998","-","0",,,,,,"2026"
"1496829724","H34RHZ","NJ","PAS",,"20","SUBN","HYUND","K","46850","46100","47150","0","122","122","5","160292","5","0","0516P",,"R","F","280","FATHER CAPODANNO BLV",,"0","408","C4",,"BBBBBBB","ALL","ALL","GREY","0","0","-","0",,,,,,"2026"
"1501575855","LRL2240","99","PAS",,"46","SDN","BMW","P","52320","40404","40404","20251029",,"0","46","973350","46","0","0904P",,"BX","O","2121","MORRISON AVE",,"0","408","F1",,"BBBBBBB","ALL","ALL","BLK","0","2008","-","0",,,,,,"2026"
"1501354127","T767393C","NY","OMT",,"98","SDN","HONDA","P","17590","22940","23140","20260228","107","107","107","974716","107","0","0300A",,"Q","F","144-59","87 AVE",,"0","408","F1",,"BBBBBBB","ALL","ALL","GRY","0","2018","-","0",,,,,,"2026"
"1494823792","KUW6512","NY","PAS",,"98",,"HYUND","P","55480","38425","16130","20260327","121","121","121","974886","121","0","0123A",,,"I","1009","WILLOWBROOK RD",,"0","408","F2",,"BBBBBBB","ALL","ALL","RED","0","2018","-","0",,,,,,"2026"
"1500340790","LUP4462","NY","PAS",,"51","VAN","KIA","P","42630","25730","8380","20270615","72","72","72","973981","72","0","1114P",,"K","O","3562","FT HAMILTON PKWY",,"0","408","E2",,"BBBBBBB","ALL","ALL",,"0","0","-","0",,,,,,"2026"
"1499689469","LSY1628","NY","PAS",,"40","SUBN","VOLVO","P","5830","5430","5580","20261222","78","78","78","970276","78","0","0935A",,"K","F","267","7 ST",,"0","408","C4",,"BBBBBBB","ALL","ALL","BLUE","0","2025","-","0",,,,,,"2026"
"1498040482","BLANKPLATE","99","999",,"74","SUBN","JEEP","P","38030","41030","77335","0","69","69","69","970221","69","0","1102P",,,"F","1196","E 95 STREET",,"0","408","F2",,"BBBBBBB","ALL","ALL","RED","0","0","-","0",,,,,,"2026"
"1501226265","LWD7013","NY","OMT",,"21","SDN","HONDA","P","45130","34130","73650","20270612",,"0","90","978510","90","0","0004A",,,"F","252","GRAND ST",,"0","408","F2",,"BBBBBBB","ALL","ALL","WHITE","0","0","-","0",,,,,,"2026"
"1501773926","F15UHT","NJ","PAS",,"14","SUBN","TOYOT","A","0","97530","0","20260930","115","115","302","49964","302","0","0838A",,,"O",,"TERMINAL B ARRIVALS","LGA","0","408","C",,"BBBBBBB","ALL","ALL","B","0","2018","-","0",,,,,,"2026"
"1499690400","KMP5376","99","PAS",,"98","SUBN","VOLVO","P","24830","64330","5280","20260314","78","78","78","973798","78","0","0522P","0522P","K","F","450","CARROLL STREET",,"0","408","E2",,"BBBBBBB","ALL","ALL","SILVE","0","2010","-","0",,,,,,"2026"
"1500347450","XPYC61","NJ","PAS",,"40","DELV","HIN","P","29030","27730","86930","20251001","76","76","76","971297","76","0","1037P",,,"F","221","CONOVER ST",,"0","408","C",,"BBBBBBB","ALL","ALL","WHITE","0","2019","-","0",,,,,,"2026"
"1500296041","MVG7732","PA","PAS",,"40","SDN",,"P","20530","94830","89530","20260331","84","84","84","980059","84","0","1105A",,,"F","191","BOND ST",,"0","408","C3",,"BBBBBBB","ALL","ALL","BLACK","0","2016","-","0",,,,,,"2026"
"1496204268","KNS7005","NY","PAS",,"17","P-U","DODGE","O","16790","21690","22040","20270625","102","102","0","0","0QSC","0","0153P",,,"F","126-02","82 AVE",,"0","408","C3",,"YYYYYBB","0700A","0700P","SILV","0","2024","-","0",,,,,,"2026"
"1500344151","CXD3046","GA","PAS",,"98","SUBN","TESLA","P","28930","49630","48830","20250930","76","76","76","971854","76","0","1101A",,"K","F","127","CONGRESS ST",,"0","408","E2",,"BBBBBBB","ALL","ALL","WHT","0","0","-","0",,,,,,"2026"
"1492199904","1FE6284","ME","PAS",,"46","VAN","HONDA","M","59990","14740","14810","0","100","100","0","0","QNRO","0","0900P",,,"O","107-21","QUEENS BLVD",,"0","408","C3",,"BBBBBBB","ALL","ALL","GRY","0","0","-","0",,,,,,"2026"
"1495639101","BLANKPLATE","99","999",,"83","SDN","HONDA","P","10810","13113","36770","0","32","32","32","971623","32","0","0415P",,"NY","F","2817","8 AVE",,"0","408","99",,"BBBBBBB","ALL","ALL","GOLD","0","2017","-","0",,,,,,"2026"
"1500339453","LRD9686","NY","PAS",,"19","SUBN","NISSA","P","5880","9480","9530","20261021","72","72","72","979422","72","0","0725A",,"K","F","5804","8 AVE",,"0","408","E2",,"BBBBBBB","ALL","ALL","WHT","0","2023","-","0",,,,,,"2026"
"1492491937","HRA7045","NY","PAS",,"71","SDN","HYUND","P","27795","26990","0","20270306","111","111","111","973488","111","0","0432P","1632P","Q","F",,"ALLEY POND PARK","223 STREET",,"408","D",,"BBBBBBB","ALL","ALL","WH","0","2015","-","0",,,,,,"2026"
"1498266484","KNK8717","NY","PAS",,"99","SDN","BMW","P","49210","25150","25160","20270108","103","103","103","952816","103","0","0740P",,"Q","F","184-05","HENDERSON",,"0","408","F2",,"BBBBBBB","ALL","ALL","WH","0","2022","-","0",,,,,,"2026"
"1499790417","D062DPD","NY","PAS",,"40",,"TOYOT","P","19290","8190","57790","0","115","115","115","979065","115","0","0842P",,"Q","F","32-31","100 ST",,"0","408","K6",,"BBBBBBB","ALL","ALL","BLK","0","2022","-","0",,,,,,"2026"
"1498047865","S2293392","GA","PAS",,"74","SDN","NISSA","P","38200","14080","14130","20250710","69","69","69","972242","69","0",,,,"F","1050","E 103 ST",,"0","408","C",,"BBBBBBB","ALL","ALL","GREY","0","0","-","0",,,,,,"2026"
"1498968429","KZF4011","NY","PAS",,"98","SDN","FORD","P","6590","6440","16140","20270124","114","114","114","970167","114","0","1208A",,"Q","F","76-11","21 AVE",,"0","408","C",,"BBBBBBB","ALL","ALL","GRY","0","2018","-","0",,,,,,"2026"
"1500558473","T783556C","NY","PAS",,"40",,"TOYOT","P","26880","13820","40120","20250930","42","42","42","980659","42","0","1201A",,"BX","F","932","E 174 ST",,"0","408","C",,"BBBBBBB","ALL","ALL","BLUE","0","2015","-","2",,,,,,"2026"
"1498417516","BLANKPLATE","99","999",,"51","MOTO","MOT","P","15500","24050","21230","20260430","10","10","1","974053","1","0","0858A",,"NY","F","29","CLIFF ST",,"0","408","J5",,"BBBBBBB","ALL","ALL","BLK","0","2023","-","0",,,,,,"2026"
"1501221243","LEK2024","NY","PAS",,"40","SUBN","CHEVR","P","16140","8440","8590","20251005","115","115","115","976664","115","0","0800A",,"Q","O","34-41","77 ST",,"0","408","F2",,"BBBBBBB","ALL","ALL","BLK","0","2015","-","0",,,,,,"2026"
"1493422704","AG13344","AZ","PAS",,"51","DELV","FORD","P","39635","47390","15840","0","105","105","105","954091","105","0",,"1933P","Q","F","7403","COMMONWEALTH",,,"408","E2",,"BBBBBBB","ALL","ALL","WHITE","0","2014","-","0",,,,,,"2026"
"1496434092","MTP9334","PA","PAS",,"40","SUBN","ME/BE","P","35780","41730","40230","0","70","70","70","977368","70","0","0221A",,"K","F","659","EAST 22 STREET",,"0","408","F2",,"BBBBBBB","ALL","ALL","BLK","0","0","-","0",,,,,,"2026"
"1499019968","ESY5959","NY","PAS",,"51","SUBN","JEEP","P","7300","40404","40404","20260103",,"0","114","977456","114","0",,,,"I","51-04","CRESCENT",,"0","408","F2",,"BBBBBBB","ALL","ALL","WH","0","2016","-","0",,,,,,"2026"
"1495573795","JAF4613","NY","PAS",,"5","SDN","AUDI","P","76460","77030","18950","20260918","60","60","60","973977","60","0","0230P",,"K","F","2916","SHELL ROAD",,"0","408","E3",,"BBBBBBB","ALL","ALL","BLUE","0","0","-","0",,,,,,"2026"
"1500903978","LBN9078","NY","PAS",,"14","SUBN","NISSA","P","90880","76330","70165","20261205","60","60","60","970667","60","0","0510P","0510P","K","O","2816","W 8 ST",,"0","408","C",,"BBBBBBB","ALL","ALL","GY","0","2013","-","0",,,,,,"2026"
"1502147804","TCM3498","VA","PAS",,"46","SUBN","JEEP","P","8820","74690","76650","0","52","52","52","975692","52","0","0732P","0732P","BX","F","2349","ANDREWS AVE",,"0","408","F1",,"BBBBBBB","ALL","ALL","B","0","0","-","0",,,,,,"2026"
"1501741433","KRW2417","NY","PAS",,"40","SDN","INFIN","P","55730","82930","73190","20250822","81","81","81","973998","81","0","0757P",,"K","F","682","LEXINGTON",,"0","408","E2",,"BBBBBBB","ALL","ALL","GRAY","0","2012","-","0",,,,,,"2026"
"1499000911","A89VVH","NJ","PAS",,"40","SUBN","CADIL","P","64290","7540","7790","88888888","114","114","114","981592","114","0","0115A",,,"F","28-33","STEINWAY ST",,"0","408","C3",,"BBBBBBB","ALL","ALL","BLK","0","0","-","0",,,,,,"2026"
"1501337671","7CW0720","ME","PAS",,"98","SDN","TOYOT","P","17790","22640","22940","20210430","103","103","103","948675","103","0","0248A",,,"F","139-04","88 AVE",,"0","408","F2",,"BBBBBBB","ALL","ALL","GRY","0","0","-","0",,,,,,"2026"
"1500397052","HBS2148","NY","PAS",,"74","SDN","ME/BE","P","38690","14840","15090","20270905","104","104","104","957609","104","0","0111P",,"Q","F","7016","CENTRAL AVE",,"0","408","K6",,"BBBBBBB","ALL","ALL","BK","0","2010","-","0",,,,,,"2026"
"1500482584","LLY6105","99","PAS",,"98",,,"P","19820","10520","45520","20260625","45","45","45","973394","45","0","0432P",,,"F","1030","CLARENCE",,"0","408","F2",,"BBBBBBB","ALL","ALL",,"0","0","-","0",,,,,,"2026"
"1498040251","14601SV","99","OMT",,"75","SDN","KIA","P","37510","40230","44430","20250430","63","63","696","974496","696","0",,,"K","F","603","E 80TH ST",,"0","408","F2",,"BBBBBBB","ALL","ALL","BLK","0","2017","-","0",,,,,,"2026"
"1502127180","BLANKPLATE","99","999",,"70","SDN","TOYOT","P","68020","26640","26670","88888888","42","42","42","976651","42","0","0635P",,"BX","F","3433","THIRD AVE",,"0","408","J3",,"BBBBBBB","ALL","ALL","GRAY","0","2010","-","0",,,,,,"2026"
"1499473606","LEY2660","NY","PAS",,"19","SDN","BMW","P","10810","36070","36090","0","28","28","28","969574","28","0","1134P",,,"F","2145","8 AVE",,"0","408","C3",,"BBBBBBB","ALL","ALL","WH","0","0","-","0",,,,,,"2026"
"1501593687","XRVK36","NJ","PAS",,"78","VAN",,"P","31900","10120","73220","88888888","45","45","45","975136","45","0","1031P",,,"F","1286","FAIRFAX AVENUE",,"0","408","D",,"BBBBBBB","ALL","ALL","WHI","0","2024","-","0",,,,,,"2026"
"1500460035","XMBV27","NJ","PAS",,"78","TRUC","GMC","P","67730","17330","14080","88888888","66","66","66","964747","66","0",,,"K","F","987","OCEAN PKWY",,"0","408","E2",,"BBBBBBB","ALL","ALL",,"0","0","-","0",,,,,,"2026"
"1501229760","1091YI","FL","PAS",,"98","SUBN",,"P","0","40404","40404","0","73","73","73","980460","73","0","1245A",,,"O","1332","HERKIMER",,"0","408","C",,"BBBBBBB","ALL","ALL","WH","0","0","-","0",,,,,,"2026"
"1502125523","KSJ1193","NY","PAS",,"40","SUBN","KIA","P","27540","70720","0","20250909","52","52","52","981323","52","0","0139A",,"BX","O",,"E 196","VALENTINE","0","408","E2",,"BBBBBBB","ALL","ALL","GRAY","0","2013","-","0",,,,,,"2026"
"1499276953","LLZ4734","NY","PAS",,"14","SUBN","HONDA","P","83630","91330","91380","20260625","60","60","60","969969","60","0","0422P","0422P","K","F","1904","SURF AVE",,"0","408","C",,"BBBBBBB","ALL","ALL","WHITE","0","2024","-","0",,,,,,"2026"
"1500808337","XRA434","NJ","PAS",,"40","VAN",,"P","81725","60440","75730","20260720","70","70","90","968897","90","0","1008A","1007A",,"F","146","STEWART AVE",,,"408","F1",,"BBBBBBB","ALL","ALL",,"0","0","-","0",,,,,,"2026"
"1494313297","LGE8461","NY","PAS",,"40","SUBN","ME/BE","P","18630","45590","19790","20251018","19","19","19","966164","19","0","0848P","0855P","NY","F","515","EAST 82 STREET",,"0","408","D",,"BBBBBBB","ALL","ALL","BLACK","0","2023","-","5",,,,,,"2026"
"1502111767","LST1889","NY","PAS",,"46","SUBN","DODGE","P","77050","73420","76950","20270109","43","43","43","981357","43","0","0930P",,"BX","F","1164","WHEELER AVE",,"0","408","E2",,"BBBBBBB","ALL","ALL","BLK","0","2019","-","0",,,,,,"2026"
"1493944496","BLANKPLATE","99","999",,"74",,,"P","52750","32950","53898","0","121","121","121","960706","121","0","0200A",,"R","O","109","VAN PELT AVE",,"0","408","E3",,"BBBBBBB","ALL","ALL","BLK","0","0","-","0",,,,,,"2026"
"1501740210","KLS574","99","PAS",,"46","SUBN","CHEVR","P","0","40404","40404","0",,"0","81","949658","81","0","0105A",,,"F","514","MONROE",,"0","408","F1",,"BBBBBBB","ALL","ALL","BLK","0","0","-","0",,,,,,"2026"
"1502065540","TB32709","OR","PAS",,"40","SDN","SBR","P","26330","31330","25730","88888888","66","66","66","963256","66","0","0541P",,"K","F","49","CLARA ST",,"0","408","E2",,"BBBBBBB","ALL","ALL","BLK","0","0","-","5",,,,,,"2026"
"1500527075","8DH6563","MA","PAS",,"14","VAN","FORD","P","65020","76950","26670","0",,"0","41","913064","41","0","1136A",,"BX","F","1041","SIMPSON ST",,"0","408","F2",,"BBBBBBB","ALL","ALL","GREEN","0","2011","-","0",,,,,,"2026"
"1493415086","AL07732","CT","PAS",,"98","SDN","LEXUS","P","27350","15840","16040","20250127","105","105","105","957755","105","0","0156P",,"Q","F","76-25","269 STREET",,"0","408","F2",,"BBBBBBB","ALL","ALL","BL","0","0","-","0",,,,,,"2026"
"1447938367","AZ693D","NJ","PAS",,"78",,"INTER","P","0","0","0","20250720","102","102","102","968627","102","0","1058P",,,,,"N/E C/O ATLANTIC AVE","127 STREET","0","408","E3",,"BBBBBBB","ALL","ALL","WHT","0","2020","-","0",,,,,,"2026"
"1497866042","E10NBM","NJ","PAS",,"74","SDN","VOLKS","P","18630","43330","61730","88888888","79","79","79","971641","79","0","1250P",,"K","F","1111","BEDFORD AVE",,"0","408","J3",,"BBBBBBB","ALL","ALL","YELL","0","2007","-","0",,,,,,"2026"
"1501589052","DNF9022","NY","PAS",,"71","SUBN","FORD","P","60320","58220","45120","88888888","45","45","45","973394","45","0","0550P",,,"F","824","QUINCY AVE",,"0","408","F7",,"BBBBBBB","ALL","ALL",,"0","0","-","0",,,,,,"2026"
"1496046183","JAF2700","NY","PAS",,"98","SUBN","MAZDA","P","7890","5790","6090","0","114","114","114","979942","114","0","0210P",,"NY","F","5-Dec","30 RD",,"0","408","J3",,"BBBBBBB","ALL","ALL",,"0","0","-","0",,,,,,"2026"
"1326072195","LGE4264","NY","PAS",,"98","SUBN","ROVER","P","57790","65490","36590","20251121","109","109","109","973616","109","0","0445P","0445P","Q","F","138-12","NORTHERN BLVD",,,"408","F2",,"BBBBBBB","ALL","ALL","BLK","0","2024","-","0",,,,,,"2026"
"1491553625","LVS7090","NY","PAS",,"31","VAN","TOYOT","P","23130","13610","25990","20270423","1","1","181","972509","181","0","0207P",,,"O","46","HOWARD ST",,"0","408","C",,"YYYYYBB","0800A","0600P","GRY","0","2004","-","0",,,,,,"2026"
"1498052162","JCX9381","NY","PAS",,"98","SDN","BMW","P","14130","40404","40404","20260910","69","69","69","968012","69","0","1003P","1003P","K","F","165-29","AVE K",,"0","408","F1",,"BBBBBBB","ALL","ALL","WHT","0","2016","-","0",,,,,,"2026"
"1502111100","BLANKPLATE","99","999",,"74","SDN","ME/BE","P","54120","26820","26880","0","43","43","43","972905","43","0","1100P",,"BX","F","1339","NOBLE AVE",,"0","408","E2",,"BBBBBBB","ALL","ALL",,"0","0","-","0",,,,,,"2026"
"1501963958","LKA1980","NY","PAS",,"20","VAN","TOYOT","P","32890","37550","20590","20270713","34","34","34","971859","34","0","1100P",,,"O","45","WADSWORTH TERR",,"0","408","D1",,"BBBBBBB","ALL","ALL","BLK","0","2014","-","0",,,,,,"2026"
"1495092409","KWY4387","NY","PAS",,"20","SUBN","ME/BE","P","19010","10210","10110","20260216","23","23","23","978323","23","0","1159A","1155A","NY","O","210","E 102ND STREET",,"0","408","J7",,"BBBBBBB","ALL","ALL",,"0","0","-","0",,,,,,"2026"
"1501200677","VNGNC3","NY","PAS",,"40","BUS","ME/BE","P","0","40404","40404","20250910","115","115","115","964080","115","0","0524A",,"Q",,"30-64","86",,"0","408","F2",,"BBBBBBB","ALL","ALL",,"0","2021","-","0",,,,,,"2026"
"1501605586","LWY2484","NY","PAS",,"98","SDN","MAZDA","N","28680","18120","77150","20270724","47","47","47","969839","47","0","0524P",,"BX","F","644","E 235 STREET",,"0","408","F2",,"BBBBBBB","ALL","ALL","BLUE","0","2017","-","0",,,,,,"2026"
"1501977878","LKA2787","NY","PAS",,"71","SUBN","FORD","P","19470","27790","24890","20260704","25","25","25","981647","25","0","1221A",,,"F","106","EAST 126",,"0","408","J6",,"BBBBBBB","ALL","ALL","GRAY","0","2013","-","0",,,,,,"2026"
"1502111019","BLANKPLATE","99","999",,"40","SDN","ME/BE","P","54120","26820","26880","0","43","43","43","972905","43","0","1256P",,"BX","F","1339","NOBLE AVE",,"0","408","J2",,"BBBBBBB","ALL","ALL",,"0","0","-","0",,,,,,"2026"
"1501777660","TEW2404","VA","PAS",,"48","SDN","KIA","P","0","40404","40404","0","90","90","90","959992","90","0","0255P",,"K","F","496","BORINQUEN",,"0","408","C",,"BBBBBBB","ALL","ALL","BLK","0","0","-","0",,,,,,"2026"
"1502297619","LLA7483","NY","PAS",,"40","SDN","INFIN","P","21840","19490","19590","20260610","102","102","102","968601","102","0",,,"Q",,"102-43","129 ST",,"0","408","F2",,"BBBBBBB","ALL","ALL","GREY","0","2012","-","0",,,,,,"2026"
"1501882594","18524HL","NY","PAS",,"17","SDN","HONDA","N","21350","30800","29940","0","1","1","1","957010","1","0","1245P",,,"O","100","GOLD ST",,"0","408","C4",,"YYYYYBB","0700A","0700P","WHITE","0","2011","-","0",,,,,,"2026"
"1500512059","BLANKPLATE","99","999",,"41",,,"N","0","0","0","88888888","44","44","0","0","0","0",,,,"I",,,,"0","408","F2",,"BBBBBBB","ALL","ALL",,"0","0","-","0",,,,,,"2026"
"1500396916","82366ND","NY","COM",,"78",,,"P","68390","39890","14390","20270331","104","104","104","977483","104","0","0101A",,"Q",,"868","WOODWARD",,"0","408","K6",,"BBBBBBB","ALL","ALL",,"0","0","-","0",,,,,,"2026"
"1496290677","T701166C","NY","PAS",,"14","SDN","TOYOT","P","13100","12550","13820","0","47","47","808","971386","808","0","0935P",,"BX","O","3555","BIVONA STREET",,"0","408","D",,"BBBBBBB","ALL","ALL","GRY","0","0","-","0",,,,,,"2026"
"1502395691","TNL5016","NY","PAS",,"40","SUBN","ACURA","P","16990","8190","57790","20260130","115","115","115","963072","115","0","0330A",,"Q","F","32-20","83 ST",,"0","408","E2",,"BBBBBBB","ALL","ALL","WH","0","2005","-","0",,,,,,"2026"
"1314413922","LDT1774","NY","PAS",,"14","SUBN","JEEP","R","0","0","0","20251015","60","60","0","0","MTAB","0","0600A",,"K","F",,"STILLWELL","TERMINAL LOOP BUS","0","408","99",,"BBBBBBB","ALL","ALL","BURGA","0","2017","-","0",,,,,,"2026"
"1502395680","HXA7517","NY","PAS",,"40","SUBN","GMC","P","18240","28790","7790","20260228","115","115","115","963072","115","0","0450A",,,"F","25-44","90 ST",,"0","408","E2",,"BBBBBBB","ALL","ALL","GY","0","2020","-","0",,,,,,"2026"
"1502149527","KPC2764","NY","PAS",,"46","SUBN","HONDA","P","14620","27480","27540","20270812","52","52","52","980010","52","0","0728P",,"BX","F","2645","BRIGGS AVE",,"0","408","F1",,"BBBBBBB","ALL","ALL",,"0","0","-","0",,,,,,"2026"
"1500185012","KSM4154","NY","PAS",,"71","SUBN","TOYOT","P","36830","26230","77930","20250803","67","67","67","980473","67","0","0045A",,,"F","417","E 45",,"0","408","J3",,"BBBBBBB","ALL","ALL","GRAY","0","2003","-","0",,,,,,"2026"
"1491523517","X9834118","DE","PAS",,"83","SUBN","HONDA","P","37628","16400","10910","20250601","34","34","39","922902","39","0","0935P",,"NY","F","301","WEST 203RD ST",,"0","408","C",,"BBBBBBB","ALL","ALL","GRAY","0","0","-","0",,,,,,"2026"
"1502261388","BLANKPLATE","99","999",,"6","TT","KENWO","P","27094","53890","21070","0","105","105","105","951395","105","0","1105P",,"Q","F","117-09","229 ST",,"0","408","E3",,"BBBBBBB","ALL","ALL","RD","0","2017","-","0",,,,,,"2026"
"1498416913","JAU9955","NY","PAS",,"17","SUBN","LEXUS","P","23190","14910","24290","20260615","1","1","1","942662","1","0","0915A",,,"F","345","HUDSON ST",,"0","408","E9",,"BBBBBBB","ALL","ALL","BL","0","2016","-","0",,,,,,"2026"
"1501564821","LTU6677","NY","PAS",,"40","SUBN","FORD","P","62420","64220","45120","20270316","43","43","43","972773","43","0","1237P",,"BX","O","754","ROSEDALE AVE",,"0","408","F1",,"BBBBBBB","ALL","ALL","GRY","0","2022","-","0",,,,,,"2026"
"1314413960","MRB6937","PA","PAS",,"14","SDN","HYUND","R","81830","64230","60330","0","60","60","0","0","MTAB","0","0600A",,"K","O","2815","STILLWELL AVE",,"0","408","C",,"BBBBBBB","ALL","ALL","BLUE","0","0","-","0",,,,,,"2026"
"1501535092","LWA2631","NY","PAS",,"46","SUBN","HONDA","P","37690","30490","32690","20270807","34","34","34","980217","34","0","0940P",,"NY","F","546","W 207TH STREET",,"0","408","E2",,"BBBBBBB","ALL","ALL",,"0","0","-","0",,,,,,"2026"
"1501014602","LJM2458","NY","PAS",,"40","SDN","HYUND","P","73030","90630","90580","88888888","62","62","62","969014","62","0","0110A",,"K","F","279","QUENTIN RD",,"0","408","F2",,"BBBBBBB","ALL","ALL","BLK","0","0","-","0",,,,,,"2026"
"1502555049","PPM3Z","FL","PAS",,"46","SUBN","ACURA","P","0","40404","40404","20260824","46","46","46","980549","46","0","0022A",,"BX","F","1774","E BURN AVE",,"0","408","F1",,"BBBBBBB","ALL","ALL","WHT","0","2026","-","0",,,,,,"2026"
"1495595468","AN23854","AZ","PAS",,"40","VAN","CHEVR","P","0","40404","40404","88888888","81","81","81","975790","81","0","0802P",,,"F","869","PARK",,"0","408","F1",,"BBBBBBB","ALL","ALL","WHITE","0","2015","-","0",,,,,,"2026"
"1501954118","4AYC23","MA","PAS",,"46","SDN","KIA","P","36090","24690","10610","20260330","28","28","28","959107","28","0","0732P",,"NY","F","110","WEST 116 ST",,"0","408","E2",,"BBBBBBB","ALL","ALL","GRY","0","2024","-","0",,,,,,"2026"
"1500291171","Z80VPN","NJ","PAS",,"20","SDN","CHEVR","P","23130","56630","73380","0","73","73","73","971457","73","0","1100A",,,"F","375","BRISTOL ST",,"0","408","J2",,"BBBBBBB","ALL","ALL","WHT","0","0","-","0",,,,,,"2026"
"1493965670","KWM8703","NY","PAS",,"40","SDN","MAZDA","P","47530","40404","40404","20260701","121","121","121","972796","121","0","1233A",,,"I","160","SHARPE AVE",,"0","408","K6",,"BBBBBBB","ALL","ALL","BK","0","0","-","0",,,,,,"2026"
"1501584571","LHN9690","NY","PAS",,"40",,"BMW","P","31220","13820","0","20251220","47","47","0","974402","0","0","0515A","0510A",,,,"ELY AVE","BOSTON ROAD",,"408","F1",,"BBBBBBB","ALL","ALL",,"0","0","-","0",,,,,,"2026"
"1499972842","LEN7525","NY","PAS",,"20",,,"P","60820","33140","33190","20250917","100","100","100","976448","100","0","1253A",,,"F","92-16","ROCKAWAY FRWY",,"0","408","J2",,"BBBBBBB","ALL","ALL",,"0","0","-","0",,,,,,"2026"
"1501339497","BLANKPLATE","99","999",,"70","SDN","ME/BE","P","29090","23490","21810","0",,"0","113","974799","113","0","1155A","1150A",,"F","153-02","BAISLEY BLVD",,"0","408","C",,"BBBBBBB","ALL","ALL","WHT","0","2007","-","0",,,,,,"2026"
"1498492940","60559NA","NY","COM",,"20","VAN","ME/BE","P","20640","31490","19890","20260930","5","5","5","979461","5","0","0450P",,"NY","F","212","FORSYTH ST",,,"408","C",,"BBBBBBB","ALL","ALL","BLUE","0","2019","-","0",,,,,,"2026"
"1501586324","WLU12F","NJ","PAS",,"67",,"MINI","N","28740","77150","0","0","47","47","47","981115","47","0",,,,"F",,"E 237","WHITE PLAINS RD","0","408","F2",,"BBBBBBB","ALL","ALL",,"0","0","-","0",,,,,,"2026"
"1493965475","BLANKPLATE","99","999",,"51",,"HONDA","P","51750","45050","49876","88888888","121","121","121","967890","121","0","1148A",,,"F","38","TREADWELL AVE",,"0","408","C",,"BBBBBBB","ALL","ALL","GRAY","0","2010","-","0",,,,,,"2026"
"1500346032","JCH9191","NY","PAS",,"71","SDN","TOYOT","P","86530","49630","48830","20220830","76","76","76","972534","76","0",,"0636P","K","F","174","UNION ST",,,"408","J3",,"BBBBBBB","ALL","ALL","R","0","2004","-","0",,,,,,"2026"
"1501576446","KRT1506","NY","PAS",,"20","SUBN","FORD","P","52320","10210","11035","20250906","43","43","43","979884","43","0","0643P",,,"O","1025","MORRISON AVE",,"0","408","F1",,"BBBBBBB","ALL","ALL","WHITE","0","2012","-","0",,,,,,"2026"
"1501664864","KGM571","VT","PAS",,"99","VAN","CHEVR","P","5790","9840","9870","88888888","108","108","108","962721","108","0","1230P",,,"O","43-26","12 STREET",,"0","408","99",,"BBBBBBB","ALL","ALL","W","0","1988","-","0",,,,,,"2026"
"1500357601","LHN8655","NY","PAS",,"40","SUBN","CHEVR","P","13640","11090","11110","20260209","104","104","104","978541","104","0","0931P",,"Q","F","53-56","65 PL",,"0","408","K6",,"BBBBBBB","ALL","ALL","GRY","0","2024","-","3",,,,,,"2026"
"1502403031","N16VLP","NJ","PAS",,"50","SUBN","HONDA","P","10240","7890","7990","20260220","114","114","114","975862","114","0","0727P",,"Q","F","30-30","45 STREET",,"0","408","E3",,"BBBBBBB","ALL","ALL","GRY","0","2018","-","0",,,,,,"2026"
"1490641269","KVT8605","NY","PAS",,"50","SDN","ME/BE","P","24730","19230","80430","20260628","78","78","78","967216","78","0","0758P",,"K","F","577","CARLTON AVENUE",,"0","408","E5",,"BBBBBBB","ALL","ALL","SILV","0","2023","-","0",,,,,,"2026"
"1502404280","LTF5182","NY","PAS",,"40","SDN","HONDA","P","64290","7540","7790","20270112","114","114","114","981592","114","0","1134P",,"Q","F","28-10","STEINWAY ST",,"0","408","E2",,"BBBBBBB","ALL","ALL","WH","0","2023","-","0",,,,,,"2026"
"1501666228","LFK7120","NY","PAS",,"14","P-U","TOYOT","P","6740","9840","9940","20250926",,"0","108","963640","108","0","0215P","0215P","Q","F","43-39","21 STREET",,"0","408","D",,"BBBBBBB","ALL","ALL","BLK","0","2013","-","0",,,,,,"2026"
"1497697025","XPMS67","NJ","PAS",,"78","VAN","FORD","P","47525","29150","44737","20260931","120","120","120","974717","120","0","0231A",,"R","F","375","SHARON AVE",,"0","408","K6",,"BBBBBBB","ALL","ALL","WHITE","0","2022","-","0",,,,,,"2026"
"1502103357","C48VJL","NJ","PAS",,"40","SUBN","HONDA","N","73820","26850","26880","20250824","44","44","44","981084","44","0","0322A",,"BX","F","1691","WEEKS AVE",,"0","408","F1",,"BBBBBBB","ALL","ALL","WHT","0","2022","-","0",,,,,,"2026"
"1495498244","UMC1531","NY","PAS",,"98","SUBN","LEXUS","N","8620","28620","67020","20251128","47","47","47","976710","47","0","0904P",,,"F","3937","AMUNDSON",,"0","408","F2",,"BBBBBBB","ALL","ALL","GRAY","0","2021","-","0",,,,,,"2026"
"1501634562","LFM9829","NY","PAS",,"98","SUBN","MAZDA","P","10040","5640","5690","20260308","108","108","108","970606","108","0","0222P",,"Q","F","29-Oct","44 RD",,"0","408","F2",,"BBBBBBB","ALL","ALL","BLACK","0","2021","-","0",,,,,,"2026"
"1500562312","LRM2302","NY","PAS",,"17","SUBN","ACURA","P","72720","20120","26910","20261104","46","46","674","939918","674","0","0620P",,"BX","O","1729","WALTON AVE",,"0","408","J2",,"BBBBBBB","ALL","ALL","BLK","0","2011","-","0",,,,,,"2026"
"1500015970","AM91697","AZ","PAS",,"46","SUBN","RAM","P","15320","66845","65730","88888888","94","94","94","974195","94","0","0450P",,"K","F","141","BANKER ST",,"0","408","F2",,"BBBBBBB","ALL","ALL","WH","0","2025","-","0",,,,,,"2026"
"1500279407","BLANKPLATE","99","999",,"41",,"BMW","P","0","0","0","0",,"0","0","0","0","0",,,"K","F",,,,"0","408","F1",,"BBBBBBB","ALL","ALL",,"0","0","-","0",,,,,,"2026"
"1457740709","LJG3635","PA","PAS",,"74",,"BMW","P","16120","42720","26820","0","42","42","42","967496","42","0","0415A",,,"F","1506","BRYANT AVE",,"0","408","E2",,"BBBYBBB","ALL","ALL","BLK","0","0","-","0",,,,,,"2026"
"1499211170","BM77734","CT","PAS",,"46","SDN","TOYOT","P","26520","52120","67820","0","42","42","42","977000","42","0","0140A",,,"O","300","E 162 ST",,"0","408","F7",,"BBBBBBB","ALL","ALL","GREY","0","0","-","0",,,,,,"2026"
"1501518689","VHC6734","TX","PAS",,"53","SDN","BMW","P","6170","40404","40404","20250831",,"0","32","980854","32","0","0644P",,,"F","2139","7TH AVE",,"0","408","F1",,"BBBBBBB","ALL","ALL",,"0","0","-","0",,,,,,"2026"
"1501585691","KZP6639","NY","PAS",,"74","SDN","HONDA","N","28530","18120","47220","20270108","47","47","47","959319","47","0","1228P",,"BX","F","655","E 230 STREET",,"0","408","J2",,"BBBBBBB","ALL","ALL","SLV","0","2005","-","0",,,,,,"2026"
"1495666347","LRT2616","NY","PAS",,"20","SDN","NISSA","P","19010","10210","10110","20261203","23","23","23","978323","23","0","0138P","1330P",,"O","215","E 102ND ST",,"0","408","C4",,"BBBBBBB","ALL","ALL",,"0","0","-","0",,,,,,"2026"
"1500248319","HMC1553","NY","PAS",,"14","SUBN","CHEVR","A","0","0","0","20261126","113","113","642","51469","642","0","0440P",,"Q","F",,"JFKIA","BUILDING 125","0","408","C",,"BBBBBBB","ALL","ALL","GRAY","0","2020","-","0",,,,,,"2026"
"1502396180","BLANKPLATE","99","999",,"67","SUBN","CHEVR","P","23190","6590","0","88888888","109","109","184","968217","184","0","1015P",,"Q","I",,"149 ST","21 AVE","0","408","J2",,"BBBBBBB","ALL","ALL","BL","0","2002","-","0",,,,,,"2026"
"1500396448","UC32775","VA","PAS",,"78","P-U","DODGE","P","14690","13890","55690","20251031","104","104","104","973039","104","0","0915P",,"Q","F","66-35","69 ST",,"0","408","E5",,"BBBBBBB","0900P","0500A","RED","0","2011","-","0",,,,,,"2026"
"1501786192","30273BT","NY","999",,"51","VAN","INTER","P","45030","41330","69230","20260228","88","88","88","969883","88","0",,,"K","O","17","GRAND AVE",,"0","408","E2",,"BBBBBBB","ALL","ALL","YELL","0","2020","-","0",,,,,,"2026"
"1500356220","LGX57O","NY","PAS",,"20","SDN","TESLA","P","38490","13490","13390","20260319","104","104","104","972539","104","0","0955A",,"Q","O","64-02","CATALPA",,"0","408","F2",,"BBBBBBB","ALL","ALL","BK","0","2023","-","0",,,,,,"2026"
"1499421771","B81UDS","NJ","PAS",,"99","SUBN","PGLO","P","18510","10410","25390","88888888","19","19","19","964419","19","0","0717P",,"NY","F","14","EAST 76 STREET",,"0","408","C4",,"BBBBBBB","ALL","ALL","BLK","0","2024","-","0",,,,,,"2026"
"1497845040","LHM1254","NY","PAS",,"51","SUBN",,"P","40630","86630","0","20260128","63","63","63","971866","63","0","0516A",,"K","I",,"FILLMORE AVE","UTICA AVE","0","408","J2",,"BBBBBBB","ALL","ALL","WH","0","2018","-","0",,,,,,"2026"
"1502016308","JHA7876","NY","PAS",,"40","SDN","TOYOT","P","37310","31190","32790","20270529","33","33","33","969662","33","0","0905P",,"NY","F","612","WEST 178 ST",,"0","408","F1",,"BBBBBBB","ALL","ALL","BLUE","0","2007","-","0",,,,,,"2026"
"1499148628","T696402C","NY","999",,"40",,"TOYOT","P","28710","43650","43320","20260630","47","47","47","969839","47","0","1000P",,,"F","243","E 236 ST",,"0","408","E2",,"BBBBBBB","ALL","ALL","WHITE","0","2023","-","0",,,,,,"2026"
"1501786350","JBB3963","NY","PAS",,"40","SUBN","FORD","P","13430","79330","31130","20270320","88","88","88","970744","88","0","1055A",,"K","F","701","ATLANTIC AVE",,"0","408","D",,"BBBBBBB","ALL","ALL","RED","0","2004","-","0",,,,,,"2026"
"1500185073","LVC7979","NY","PAS",,"98","SDN","DODGE","P","0","40404","40404","20260518","67","67","67","980473","67","0","1105P",,"K","F","169","E 59",,"0","408","F1",,"BBBBBBB","ALL","ALL","BLK","0","2011","-","0",,,,,,"2026"
"1493967204","LTN1748","NY","PAS",,"27","P-U","RAM","P","44750","10575","10575","20270808","121","121","121","975430","121","0","0618P",,"R","F","2655","RICHMOND AVE",,"0","408","D3",,"BBBBBBB","ALL","ALL","BK","0","2026","-","0",,,,,,"2026"
"1500279390","BLANKPLATE","99","999",,"46",,"HONDA","P","0","0","0","0","71","71","71","981667","71","0",,,"K","F",,,,"0","408","F1",,"BBBBBBB","ALL","ALL",,"0","0","-","0",,,,,,"2026"
"1500820684","JRS6772","NY","PAS",,"51","SUBN","JEEP","P","63130","41330","69230","20260520","88","88","88","980478","88","0","1056P",,"K","F","33","N ELLIOT PL",,"0","408","C4",,"BBBBBBB","ALL","ALL","BLK","0","2023","-","0",,,,,,"2026"
"1487144593","ETT6689","NY","PAS",,"98","SUBN","NISSA","P","21290","40404","40404","20250824","105","105","105","962127","105","0","0606P","0605P",,"F","120-50","120 AVE",,"0","408","E2",,"BBBBBBB","ALL","ALL","BL","0","2019","-","0",,,,,,"2026"
"1501518793","LKK8037","NY","PAS",,"46","SUBN","ME/BE","P","0","40404","40404","20250917","32","32","32","977345","32","0","0853P",,"NY","O","196","BRADHURST",,"0","408","D",,"BBBBBBB","ALL","ALL","GRAY","0","2021","-","0",,,,,,"2026"
"1497692878","SZW3676","VA","PAS",,"50","SUBN","TESLA","P","41890","22720","21060","20260930","120","120","120","975459","120","0","0837A","0837A",,"F","21","ORMOND PL",,,"408","F1",,"BBBBBBB","ALL","ALL","GY","0","2024","-","0",,,,,,"2026"
"1501340530","K294572","99","PAS",,"99","P-U","NISSA","P","26040","20630","56350","20251031","113","113","113","968347","113","0","1235P",,"Q","F","113-24","204 ST",,"0","408","E2",,"BBBBBBB","ALL","ALL",,"0","2024","-","0",,,,,,"2026"
"1502120768","KBW9956","PA","PAS",,"40","SUBN","ACURA","N","0","0","0","88888888","52","52","52","981710","52","0","0114A",,,"O",,"C/O E 197 ST","WEBSTER AVE","0","408","E2",,"BBBBBBB","ALL","ALL","WH","0","2004","-","0",,,,,,"2026"
"1500512977","BLANKPLATE","99","999",,"67",,,"N","0","0","0","88888888",,"0","0","0","0","0",,,,"I",,,,"0","408","F7",,"BBBBBBB","ALL","ALL",,"0","0","-","0",,,,,,"2026"
"1500248472","D32VTJ","NJ","PAS",,"14","SDN","HONDA","A","0","40404","40404","20260531","113","113","642","54504","642","0","1225P","1220A","Q","F",,"TERMINAL 5 ARRIVALS",,,"408","C",,"BBBBBBB","ALL","ALL","GRY","0","2010","-","0",,,,,,"2026"
"1502121724","KZZ4583","NY","PAS",,"48","SUBN","BMW","P","10020","40404","40404","20270214","52","52","52","981769","52","0","0718P",,"BX","O","2046","BAINBRIDGE AVE",,"0","408","D",,"BBBBBBB","ALL","ALL","BLK","0","2023","-","0",,,,,,"2026"
"1498784811","MFM6449","PA","PAS",,"40","VAN","HONDA","N","24890","19310","19330","88888888","25","25","25","982028","25","0","1003P",,,"O","1901","LEX AVE",,"0","408","E2",,"BBBBBBB","ALL","ALL",,"0","0","-","0",,,,,,"2026"
"1499453942","KNB1303","NY","PAS",,"46","SDN","ME/BE","P","0","40404","40404","20250925",,"0","34","969717","34","0",,,,"F","231","SHERMAN",,"0","408","J2",,"BBBBBBB","ALL","ALL","BLU","0","2012","-","0",,,,,,"2026"
"1490894214","ZPD4610","PA","PAS",,"20","P-U","FORD","P","54060","59930","34130","20210930","94","94","94","973641","94","0","0935P","935","K","F","166","KINGSLAND",,"0","408","D",,"BBBBBBB","ALL","ALL","RED","0","2017","-","0",,,,,,"2026"
"1501932263","KGT5148","NY","PAS",,"70","SUBN","FORD","W","26630","64830","36480","20250620","71","71","976","102039","976","0","1208P",,"K","F","410","CLARKSON AVE",,"0","408","D",,"BBBBBBB","ALL","ALL","BLK","0","2014","-","0",,,,,,"2026"
"1501585502","157541V","99","PAS",,"70",,,"N","18120","28680","28710","20250515",,"0","47","959319","47","0","0147A",,,"F","4254","CARPENTER AVE",,"0","408","99",,"BBBBBBB","ALL","ALL",,"0","0","-","0",,,,,,"2026"
"1502297632","DKJ2256","NY","PAS",,"98","P-U","TOYOT","P","19740","18290","18440","20250908","102","102","102","968601","102","0","0709P",,"Q",,"91-01","104 ST",,"0","408","E2",,"BBBBBBB","ALL","ALL","GRAY","0","2025","-","0",,,,,,"2026"
"1499972854","KHD8034","NY","PAS",,"20",,"NISSA","P","60820","33140","33190","20261220","100","100","100","976948","100","0","1248P",,,"F","92-14","ROCKAWAY FRWY",,"0","408","D",,"BBBBBBB","ALL","ALL",,"0","0","-","0",,,,,,"2026"
"1501995224","JKR2550","NY","PAS",,"21","VAN","HONDA","P","18330","27790","24890","20251130","19","19","19","965745","19","0","0420P",,"NY","O","115","E 67 ST",,"0","408","99",,"BBBBBBB","0700A","0700P","BLK","0","2014","-","0",,,,,,"2026"
"1500898582","LLX2046","NY","PAS",,"46","SUBN","BMW","P","83630","53730","91080","88888888","60","60","60","966501","60","0","0222P",,"K","O","1045","SURF AVE",,"0","408","C",,"BBBBBBB","ALL","ALL",,"0","0","-","0",,,,,,"2026"
"1492072771","LRG9933","NY","PAS",,"14","VAN","PORSC","P","54580","57790","8790","20260903","109","109","109","954131","109","0","0404A",,,"F","36-48","MAIN ST",,"0","408","D",,"BBBBBBB","ALL","ALL","BK","0","2019","-","0",,,,,,"2026"
"1501966431","BLANKPLATE","99","999",,"41",,,"P","0","0","0","88888888",,"0","0","0","0","0",,,,"I",,,,"0","408","J2",,"BBBBBBB","ALL","ALL",,"0","0","-","0",,,,,,"2026"
"1501221188","LAH5108","NY","PAS",,"98","SDN","CHEVR","N","8440","20390","20490","20270713","115","115","115","976664","115","0","0413A",,"Q","F","110-20","34 AVE",,"0","408","F2",,"BBBBBBB","ALL","ALL","GRAY","0","2013","-","0",,,,,,"2026"
"1500662720","X97VMS","NJ","PAS",,"98","SDN","BMW","N","55590","54102","42780","88888888","103","103","103","967254","103","0","0318P",,,"F","94-10","MERRICK BLVD",,"0","408","J3",,"BBBBBBB","ALL","ALL","GRAY","0","2014","-","0",,,,,,"2026"
"1502036514","LBP1706","NY","PAS",,"46","SUBN","HONDA","P","0","40404","40404","20260311","33","33","33","977369","33","0","0259P",,,"F","2224","AMSTERDAM",,"0","408","F1",,"BBBBBBB","ALL","ALL","GREY","0","2019","-","0",,,,,,"2026"
"1502124701","79953NF","NY","COM",,"78","VAN","MERCU","P","74880","57310","36060","20270131","52","52","52","981457","52","0","1248A",,"BX","F","75","W 205 ST",,"0","408","K6",,"BBBBBBB","ALL","ALL","WH","0","0","-","0",,,,,,"2026"
"1500279377","42N","MA","PAS",,"41","SDN","NISSA","P","0","0","0","0",,"0","0","0","0","0","1143P",,,"F",,,,"0","408","E2",,"BBBBBBB","ALL","ALL",,"0","0","-","0",,,,,,"2026"
"1499081819","T127404C","NY","COM",,"98",,"TESLA","P","22810","20240","46890","20251130","103","103","101","980205","101","0","0451A","0451A","Q","F","109-14","142 STREET",,"0","408","E2",,"BBBBBBB","ALL","ALL",,"0","0","-","0",,,,,,"2026"
"1500155640","GDW4321","NY","PAS",,"46","SUBN","BMW","P","0","40404","40404","20270127","67","67","67","981254","67","0","1131P",,,"F","92","E 53RD",,"0","408","K4",,"BBBBBBB","ALL","ALL",,"0","0","-","0",,,,,,"2026"
"1501280077","LWW7368","PA","PAS",,"98","VAN","TOYOT","P","9330","11045","5430","88888888","72","72","77","970494","77","0","0642P",,"K","F","332","55 ST",,"0","408","F2",,"BBBBBBB","ALL","ALL","WHITE","0","0","-","0",,,,,,"2026"
"1501777350","F14VBP","NJ","PAS",,"40","SUBN","HONDA","P","5530","40404","40404","0","91","91","90","975190","90","0","1117P",,"K","F","146","4TH ST",,"0","408","E2",,"BBBBBBB","ALL","ALL","BLK","0","0","-","0",,,,,,"2026"
"1495893674","LXG3262","NY","PAS",,"46","SDN","DODGE","P","45930","58730","85730","20270615","70","70","71","975234","71","0","1126P",,"NY","F","584","GREENE AVE",,"0","408","E2",,"BBBBBBB","ALL","ALL",,"0","0","-","0",,,,,,"2026"
"1502532920","G43VHU","NJ","PAS",,"46","SDN","HONDA","P","0","40404","40404","0","44","44","0","981993","0","0","0135A",,"BX","F","1390","OGDEN",,"0","408","F1",,"BBBBBBB","ALL","ALL","SILVE","0","0","-","0",,,,,,"2026"
"1502521970","BLANKPLATE","99","999",,"74","MT","KAWAS","P","11820","49030","37120","0","43","43","43","967884","43","0","0303P",,"BX","F","1534","BEACH AVE",,"0","408","F1",,"BBBBBBB","ALL","ALL","YELLO","0","2006","-","0",,,,,,"2026"
"1501221164","LDR4402","NY","PAS",,"40",,"FORD","P","8440","19090","19190","0","115","115","115","976664","115","0","0531A",,"Q","F","9815","34 AVE",,"0","408","E1",,"BBBBBBB","ALL","ALL","GRAY","0","2017","-","0",,,,,,"2026"
"1500047041","JLN3718","NY","PAS",,"40","SUBN","TOYOT","N","6580","10330","10380","20261115","62","62","62","970546","62","0","1243P",,"K","F","7524","15 AVE",,"0","408","E2",,"BBBBBBB","ALL","ALL","GRAY","0","2003","-","0",,,,,,"2026"
"1496197331","CHUCKE1","PA","PAS",,"17","SUBN","TESLA","O","53630","40404","40404","0","84","84","0","0","0KSC","0","0817A",,"K","F",,"JOHNSON ST",,"0","408","C3",,"YYYYYBB","0700A","0700P","BLUE","0","0","-","0",,,,,,"2026"
"1501221050","76DADF","FL","PAS",,"45",,"HONDA","P","18740","51010","7090","20260606","115","115","115","976664","115","0","0620A",,"Q","F","2323","94 STREET",,"0","408","E2",,"BBBBBYB","ALL","ALL","BLACK","0","2015","-","0",,,,,,"2026"
"1501799034","KSH1867","NY","PAS",,"98",,"VOLVO","P","19230","20530","64330","0","84","84","84","975919","84","0","250","0245P","K","O","189","BERGEN ST",,"0","408","E2",,"BBBBBBB","ALL","ALL","BLUE","0","2021","-","0",,,,,,"2026"
"1502228610","LLV6461","NY","PAS",,"98","SUBN","ACURA","P","25390","35780","68190","20260725","103","103","103","967254","103","0","1145A",,,"F","91-53","191 ST",,"0","408","E2",,"BBBBBBB","ALL","ALL","GRAY","0","2006","-","0",,,,,,"2026"
"1492772689","KMY1760","NY","PAS",,"98","SUBN","JEEP","P","67530","14330","14380","20251010","70","70","70","978313","70","0","1017P",,"K","F","2008","OCEAN AVE",,"0","408","F2",,"BBBBBBB","ALL","ALL","GY","0","2021","-","0",,,,,,"2026"
"1499437857","BLANKPLATE","99","999",,"41",,"JEEP","N","0","0","0","0",,"0","0","0","0","0",,,,,,,,"0","408","E2",,"BBBBBBB","ALL","ALL",,"0","0","-","0",,,,,,"2026"
"1500802724","LCT6126","NY","PAS",,"40","SDN","VOLKS","P","68930","5280","5430","20250815","84","84","84","973368","84","0","0930P",,"NY","F","531","PACIFIC",,"0","408","J5",,"BBBBBBB","ALL","ALL","WHT","0","2021","-","0",,,,,,"2026"
"1500340820","HEH3894","NY","PAS",,"46","VAN","TOYOT","P","72430","52430","5780","20260414","72","72","72","973981","72","0","0549P",,"K","F","359","PROSPECT AVE",,"0","408","E2",,"BBBBBBB","ALL","ALL","RD","0","2019","-","0",,,,,,"2026"
"1500875727","LLF4611","NY","PAS",,"14","SUBN","JEEP","P","10280","5280","5430","20260828","68","68","68","963042","68","0","1259P",,"K","F","337","74 ST",,"0","408","C",,"BBBBBBB","ALL","ALL","WHITE","0","2015","-","0",,,,,,"2026"
"1501722645","VLV8144","99","PAS",,"46","SUBN","NISSA","P","54100","47330","45930","20260630","83","83","83","974539","83","0","1235P",,,"F","436","KNICKERBOCKER AVE",,"0","408","K6",,"BBBBBBB","ALL","ALL","GY","0","2014","-","0",,,,,,"2026"
"1502545720","KZC3441","NY","PAS",,"46","SUBN","NISSA","P","19920","42820","72720","20261023","44","44","44","981332","44","0","1109P","1100P","BX","F","12","CLARKE PL",,"0","408","F1",,"BBBBBBB","ALL","ALL","W","0","2023","-","0",,,,,,"2026"
"1500913340","LXS6265","NY","PAS",,"14","SDN","ME/BE","P","64230","46350","35330","20270730","60","60","60","967020","60","0","1143A",,"K","I","100","NEPTUNE AVENUE",,"0","408","J2",,"BBBBBBB","ALL","ALL","WH","0","2019","-","0",,,,,,"2026"
"1493966455","XHP2744","PA","PAS",,"66",,"TRAIL","P","0","40404","40404","0","121","121","112","966527","112","0","0949P",,,"F","197","HERBERTON AVE",,"0","408","F1",,"BBBBBBB","ALL","ALL",,"0","0","-","0",,,,,,"2026"
"1498735472","LZR8951","NY","PAS",,"40","SDN","ME/BE","P","27790","40404","40404","20251028","25","25","25","981764","25","0","0112A",,"NY","F","163","PARK AVE",,"0","408","E2",,"BBBBBBB","ALL","ALL",,"0","0","-","0",,,,,,"2026"
"1501917857","351CF7","NY","MOT",,"20",,"FLY W","X","26630","36480","36530","0","71","71","976","102039","976","0","0208P",,"K","F","489","CLARKSON AVE",,"0","408","E3",,"BBBBBBB","ALL","ALL","BLK","0","0","-","0",,,,,,"2026"
"1503208953","BLANKPLATE","99","999",,"41",,,"P","0","0","0","88888888",,"0","0","0","0","0",,,,"I",,,,"0","408","F2",,"BBBBBBB","ALL","ALL",,"0","0","-","0",,,,,,"2026"
"1501880998","JRF3634","NY","PAS",,"40","SUBN","PORSC","P","29490","14010","97440","20260701","1","1","1","970344","1","0","0248P",,"NY","F","45","RENWICK ST",,"0","408","D1",,"YYYYYYY","ALL","ALL","BLU","0","2022","-","1",,,,,,"2026"
"1501778924","KDH6482","NY","PAS",,"98","SDN","MINI","P","51530","32530","60530","20260726","90","90","90","944088","90","0","0238P",,"K","F","347","HUMBOLDT ST",,"0","408","F1",,"BBBBBBB","ALL","ALL","RD","0","0","-","0",,,,,,"2026"
"1502055340","1AE81K","MA","OMT",,"20","BUS","VANHO","P","9230","7080","7230","88888888","66","66","66","968084","66","0","0917A",,,"O","2013","53 STREET",,"0","408","F2",,"YYYYYBB","0700A","0400P","WHT","0","0","-","0",,,,,,"2026"
"1499675860","1C028T6","AL","PAS",,"46","SUBN",,"P","31830","24730","87330","20270130","78","78","70","971192","70","0","0335P",,"K","F","601","DEAN ST",,"0","408","E2",,"BBBBBBB","ALL","ALL","BLK","0","2017","-","0",,,,,,"2026"
"1501307708","LGL6249","NY","PAS",,"98","SUBN","HYUND","N","58590","50290","13540","20260223","107","107","107","960151","107","0","0232P",,"Q","F","61-45","PARSONS BLVD",,"0","408","F2",,"BBBBBBB","ALL","ALL","GY","0","2024","-","0",,,,,,"2026"
"1500004923","BKRICN","VA","PAS",,"40","SDN","NISSA","P","31830","77730","51030","88888888",,"0","84","977574","84","0","1004A",,,"O","134","DEAN ST",,"0","408","C4",,"BBBBBBB","ALL","ALL","BLUE","0","0","-","0",,,,,,"2026"
"1487144672","ARUW93","FL","PAS",,"75","SDN","LEXUS","N","0","40404","40404","0",,"0","105","962127","105","0","0630P",,,"F","115-08","228 STREET",,"0","408","D",,"BBBBBBB","ALL","ALL",,"0","0","-","0",,,,,,"2026"
"1500799350","JDC6912","PA","PAS",,"14","SDN","HONDA","P","93230","94730","0","20250930","83","83","83","978562","83","0",,,"K","I",,"WILLOUGHBY AVE","WYCKOFF AVE","0","408","F2",,"BBBBBBB","ALL","ALL","GY","0","0","-","0",,,,,,"2026"
"1501536011","BLANKPLATE","99","999",,"74",,"INTER","P","37410","12010","31190","88888888","34","34","34","968676","34","0","1111P",,,"I","583","W 183 STREET",,"0","408","E2",,"BBBBBBB","ALL","ALL",,"0","0","-","0",,,,,,"2026"
"1497906260","AP6S164","ON","PAS",,"14","SDN","CHEVR","P","17310","10210","30090","88888888","13","13","13","969274","13","0","0910A",,,"F","222","EAST 16 STREET",,"0","408","C",,"BBBBBBB","ALL","ALL","BLU","0","0","-","0",,,,,,"2026"
"1497827334","KZI6604","NY","PAS",,"5","SDN","HONDA","P","72250","18950","37280","20261124","63","63","63","972922","63","0",,,,"F","12","PRESTON COURT",,"0","408","E2",,"BBBBBBB","ALL","ALL","GRAY","0","2022","-","0",,,,,,"2026"
"1502440611","LLR8272","NY","PAS",,"99","SDN",,"N","8640","65810","60410","20260624",,"0","108","977056","108","0","0544P",,,"O","53-38","35 ST",,"0","408","E2",,"BBBBBBB","ALL","ALL","GRAY","0","2002","-","0",,,,,,"2026"
"1501093289","LRX4811","NY","OMT",,"46","SDN","JEEP","N","0","37830","0","88888888","69","69","690","974496","690","0","0550P",,,"I",,"SEAVIEW","E 91","0","408","F1",,"BBBBBBB","ALL","ALL",,"0","0","-","0",,,,,,"2026"
"1497805648","HAA4948","NY","PAS",,"50",,"ME/BE","P","37484","19140","14580","20270727","63","63","63","979543","63","0","0842A",,,"F","1432","E 73 ST",,"0","408","F2",,"BBBBBBB","ALL","ALL","GRY","0","2013","-","0",,,,,,"2026"
"1500757329","KUR8973","NY","PAS",,"46","SDN","BMW","P","53790","20740","20840","20260404","106","106","106","969258","106","0","0109P",,"Q","F","114-14","LIBERTY AVE",,"0","408","E2",,"BBBBBBB","ALL","ALL","GY","0","2023","-","0",,,,,,"2026"
"1499401577","155CBO","NY","PAS",,"17",,"HONDA","P","35430","14510","15710","20260630","20","20","20","974389","20","0","0456P",,"NY","O","73","W 83 STREET",,"0","408","D1",,"BBBBBBB","ALL","ALL","RED","0","2015","-","0",,,,,,"2026"
